timestamp;transaction_type;token;amount
1483228801;DEPOSIT;BTC;1
1483315201;WITHDRAWAL;BTC;0.5
1483401601;DEPOSIT;XRP;1
1483488001;WITHDRAWAL;XRP;0.5
1483574401;DEPOSIT;ETH;1
1483660801;WITHDRAWAL;ETH;0.5
1483747201;DEPOSIT;USDT;2
1483833601;WITHDRAWAL;USDT;1.5
1483920001;DEPOSIT;BNB;2
1484006401;WITHDRAWAL;BNB;1.5
1484092801;DEPOSIT;USDC;2
1484179201;WITHDRAWAL;USDC;1.5
1484265601;DEPOSIT;BUSD;3
1484352001;WITHDRAWAL;BUSD;2.5
1484438401;DEPOSIT;DOGE;3
1484524801;WITHDRAWAL;DOGE;2.5
1484611201;DEPOSIT;MATIC;3
1484697601;WITHDRAWAL;MATIC;2.5
1484784001;DEPOSIT;SOL;4
1484870401;WITHDRAWAL;SOL;3.5
1484956801;DEPOSIT;DOT;3
1485043201;WITHDRAWAL;DOT;2.5
1485129601;DEPOSIT;LTC;2
1485216001;WITHDRAWAL;LTC;1.5
1485302401;DEPOSIT;ATOM;1
1485388801;WITHDRAWAL;ATOM;0.5
1485475201;DEPOSIT;BTC;2
1485561601;WITHDRAWAL;BTC;1.5
1485648001;DEPOSIT;XRP;2
1485734401;WITHDRAWAL;XRP;1.5
1485820801;DEPOSIT;ETH;2
1485907201;WITHDRAWAL;ETH;1.5
1485993601;DEPOSIT;USDT;3
1486080001;WITHDRAWAL;USDT;2.5
1486166401;DEPOSIT;BNB;3
1486252801;WITHDRAWAL;BNB;2.5
1486339201;DEPOSIT;USDC;3
1486425601;WITHDRAWAL;USDC;2.5
1486512001;DEPOSIT;BUSD;4
1486598401;WITHDRAWAL;BUSD;3.5
1486684801;DEPOSIT;DOGE;4
1486771201;WITHDRAWAL;DOGE;3.5
1486857601;DEPOSIT;MATIC;4
1486944001;WITHDRAWAL;MATIC;3.5
1487030401;DEPOSIT;SOL;5
1487116801;WITHDRAWAL;SOL;4.5
1487203201;DEPOSIT;DOT;4
1487289601;WITHDRAWAL;DOT;3.5
1487376001;DEPOSIT;LTC;3
1487462401;WITHDRAWAL;LTC;2.5
1487548801;DEPOSIT;ATOM;2
1487635201;WITHDRAWAL;ATOM;1.5
1487721601;DEPOSIT;BTC;3
1487808001;WITHDRAWAL;BTC;2.5
1487894401;DEPOSIT;XRP;3
1487980801;WITHDRAWAL;XRP;2.5
1488067201;DEPOSIT;ETH;3
1488153601;WITHDRAWAL;ETH;2.5
1488240001;DEPOSIT;USDT;4
1488326401;WITHDRAWAL;USDT;3.5
1488412801;DEPOSIT;BNB;4
1488499201;WITHDRAWAL;BNB;3.5
1488585601;DEPOSIT;USDC;4
1488672001;WITHDRAWAL;USDC;3.5
1488758401;DEPOSIT;BUSD;5
1488844801;WITHDRAWAL;BUSD;4.5
1488931201;DEPOSIT;DOGE;5
1489017601;WITHDRAWAL;DOGE;4.5
1489104001;DEPOSIT;MATIC;5
1489190401;WITHDRAWAL;MATIC;4.5
1489276801;DEPOSIT;SOL;6
1489363201;WITHDRAWAL;SOL;5.5
1489449601;DEPOSIT;DOT;5
1489536001;WITHDRAWAL;DOT;4.5
1489622401;DEPOSIT;LTC;4
1489708801;WITHDRAWAL;LTC;3.5
1489795201;DEPOSIT;ATOM;3
1489881601;WITHDRAWAL;ATOM;2.5
1489968001;DEPOSIT;BTC;4
1490054401;WITHDRAWAL;BTC;3.5
1490140801;DEPOSIT;XRP;4
1490227201;WITHDRAWAL;XRP;3.5
1490313601;DEPOSIT;ETH;4
1490400001;WITHDRAWAL;ETH;3.5
1490486401;DEPOSIT;USDT;5
1490572801;WITHDRAWAL;USDT;4.5
1490659201;DEPOSIT;BNB;5
1490745601;WITHDRAWAL;BNB;4.5
1490832001;DEPOSIT;USDC;5
1490918401;WITHDRAWAL;USDC;4.5
1491004801;DEPOSIT;BUSD;6
1491091201;WITHDRAWAL;BUSD;5.5
1491177601;DEPOSIT;DOGE;6
1491264001;WITHDRAWAL;DOGE;5.5
1491350401;DEPOSIT;MATIC;6
1491436801;WITHDRAWAL;MATIC;5.5
1491523201;DEPOSIT;SOL;7
1491609601;WITHDRAWAL;SOL;6.5
1491696001;DEPOSIT;DOT;6
1491782401;WITHDRAWAL;DOT;5.5
1491868801;DEPOSIT;LTC;5
1491955201;WITHDRAWAL;LTC;4.5
1492041601;DEPOSIT;ATOM;4
1492128001;WITHDRAWAL;ATOM;3.5
1492214401;DEPOSIT;BTC;5
1492300801;WITHDRAWAL;BTC;4.5
1492387201;DEPOSIT;XRP;5
1492473601;WITHDRAWAL;XRP;4.5
1492560001;DEPOSIT;ETH;5
1492646401;WITHDRAWAL;ETH;4.5
1492732801;DEPOSIT;USDT;6
1492819201;WITHDRAWAL;USDT;5.5
1492905601;DEPOSIT;BNB;6
1492992001;WITHDRAWAL;BNB;5.5
1493078401;DEPOSIT;USDC;6
1493164801;WITHDRAWAL;USDC;5.5
1493251201;DEPOSIT;BUSD;7
1493337601;WITHDRAWAL;BUSD;6.5
1493424001;DEPOSIT;DOGE;7
1493510401;WITHDRAWAL;DOGE;6.5
1493596801;DEPOSIT;MATIC;7
1493683201;WITHDRAWAL;MATIC;6.5
1493769601;DEPOSIT;SOL;8
1493856001;WITHDRAWAL;SOL;7.5
1493942401;DEPOSIT;DOT;7
1494028801;WITHDRAWAL;DOT;6.5
1494115201;DEPOSIT;LTC;6
1494201601;WITHDRAWAL;LTC;5.5
1494288001;DEPOSIT;ATOM;5
1494374401;WITHDRAWAL;ATOM;4.5
1494460801;DEPOSIT;BTC;6
1494547201;WITHDRAWAL;BTC;5.5
1494633601;DEPOSIT;XRP;6
1494720001;WITHDRAWAL;XRP;5.5
1494806401;DEPOSIT;ETH;6
1494892801;WITHDRAWAL;ETH;5.5
1494979201;DEPOSIT;USDT;7
1495065601;WITHDRAWAL;USDT;6.5
1495152001;DEPOSIT;BNB;7
1495238401;WITHDRAWAL;BNB;6.5
1495324801;DEPOSIT;USDC;7
1495411201;WITHDRAWAL;USDC;6.5
1495497601;DEPOSIT;BUSD;8
1495584001;WITHDRAWAL;BUSD;7.5
1495670401;DEPOSIT;DOGE;8
1495756801;WITHDRAWAL;DOGE;7.5
1495843201;DEPOSIT;MATIC;8
1495929601;WITHDRAWAL;MATIC;7.5
1496016001;DEPOSIT;SOL;9
1496102401;WITHDRAWAL;SOL;8.5
1496188801;DEPOSIT;DOT;8
1496275201;WITHDRAWAL;DOT;7.5
1496361601;DEPOSIT;LTC;7
1496448001;WITHDRAWAL;LTC;6.5
1496534401;DEPOSIT;ATOM;6
1496620801;WITHDRAWAL;ATOM;5.5
1496707201;DEPOSIT;BTC;7
1496793601;WITHDRAWAL;BTC;6.5
1496880001;DEPOSIT;XRP;7
1496966401;WITHDRAWAL;XRP;6.5
1497052801;DEPOSIT;ETH;7
1497139201;WITHDRAWAL;ETH;6.5
1497225601;DEPOSIT;USDT;8
1497312001;WITHDRAWAL;USDT;7.5
1497398401;DEPOSIT;BNB;8
1497484801;WITHDRAWAL;BNB;7.5
1497571201;DEPOSIT;USDC;8
1497657601;WITHDRAWAL;USDC;7.5
1497744001;DEPOSIT;BUSD;9
1497830401;WITHDRAWAL;BUSD;8.5
1497916801;DEPOSIT;DOGE;9
1498003201;WITHDRAWAL;DOGE;8.5
1498089601;DEPOSIT;MATIC;9
1498176001;WITHDRAWAL;MATIC;8.5
1498262401;DEPOSIT;SOL;10
1498348801;WITHDRAWAL;SOL;9.5
1498435201;DEPOSIT;DOT;9
1498521601;WITHDRAWAL;DOT;8.5
1498608001;DEPOSIT;LTC;8
1498694401;WITHDRAWAL;LTC;7.5
1498780801;DEPOSIT;ATOM;7
1498867201;WITHDRAWAL;ATOM;6.5
1498953601;DEPOSIT;BTC;8
1499040001;WITHDRAWAL;BTC;7.5
1499126401;DEPOSIT;XRP;8
1499212801;WITHDRAWAL;XRP;7.5
1499299201;DEPOSIT;ETH;8
1499385601;WITHDRAWAL;ETH;7.5
1499472001;DEPOSIT;USDT;9
1499558401;WITHDRAWAL;USDT;8.5
1499644801;DEPOSIT;BNB;9
1499731201;WITHDRAWAL;BNB;8.5
1499817601;DEPOSIT;USDC;9
1499904001;WITHDRAWAL;USDC;8.5
1499990401;DEPOSIT;BUSD;10
1500076801;WITHDRAWAL;BUSD;9.5
1500163201;DEPOSIT;DOGE;10
1500249601;WITHDRAWAL;DOGE;9.5
1500336001;DEPOSIT;MATIC;10
1500422401;WITHDRAWAL;MATIC;9.5
1500508801;DEPOSIT;SOL;11
1500595201;WITHDRAWAL;SOL;10.5
1500681601;DEPOSIT;DOT;10
1500768001;WITHDRAWAL;DOT;9.5
1500854401;DEPOSIT;LTC;9
1500940801;WITHDRAWAL;LTC;8.5
1501027201;DEPOSIT;ATOM;8
1501113601;WITHDRAWAL;ATOM;7.5
1501200001;DEPOSIT;BTC;9
1501286401;WITHDRAWAL;BTC;8.5
1501372801;DEPOSIT;XRP;9
1501459201;WITHDRAWAL;XRP;8.5
1501545601;DEPOSIT;ETH;9
1501632001;WITHDRAWAL;ETH;8.5
1501718401;DEPOSIT;USDT;10
1501804801;WITHDRAWAL;USDT;9.5
1501891201;DEPOSIT;BNB;10
1501977601;WITHDRAWAL;BNB;9.5
1502064001;DEPOSIT;USDC;10
1502150401;WITHDRAWAL;USDC;9.5
1502236801;DEPOSIT;BUSD;11
1502323201;WITHDRAWAL;BUSD;10.5
1502409601;DEPOSIT;DOGE;11
1502496001;WITHDRAWAL;DOGE;10.5
1502582401;DEPOSIT;MATIC;11
1502668801;WITHDRAWAL;MATIC;10.5
1502755201;DEPOSIT;SOL;12
1502841601;WITHDRAWAL;SOL;11.5
1502928001;DEPOSIT;DOT;11
1503014401;WITHDRAWAL;DOT;10.5
1503100801;DEPOSIT;LTC;10
1503187201;WITHDRAWAL;LTC;9.5
1503273601;DEPOSIT;ATOM;9
1503360001;WITHDRAWAL;ATOM;8.5
1503446401;DEPOSIT;BTC;10
1503532801;WITHDRAWAL;BTC;9.5
1503619201;DEPOSIT;XRP;10
1503705601;WITHDRAWAL;XRP;9.5
1503792001;DEPOSIT;ETH;10
1503878401;WITHDRAWAL;ETH;9.5
1503964801;DEPOSIT;USDT;11
1504051201;WITHDRAWAL;USDT;10.5
1504137601;DEPOSIT;BNB;11
1504224001;WITHDRAWAL;BNB;10.5
1504310401;DEPOSIT;USDC;11
1504396801;WITHDRAWAL;USDC;10.5
1504483201;DEPOSIT;BUSD;12
1504569601;WITHDRAWAL;BUSD;11.5
1504656001;DEPOSIT;DOGE;12
1504742401;WITHDRAWAL;DOGE;11.5
1504828801;DEPOSIT;MATIC;12
1504915201;WITHDRAWAL;MATIC;11.5
1505001601;DEPOSIT;SOL;13
1505088001;WITHDRAWAL;SOL;12.5
1505174401;DEPOSIT;DOT;12
1505260801;WITHDRAWAL;DOT;11.5
1505347201;DEPOSIT;LTC;11
1505433601;WITHDRAWAL;LTC;10.5
1505520001;DEPOSIT;ATOM;10
1505606401;WITHDRAWAL;ATOM;9.5
1505692801;DEPOSIT;BTC;11
1505779201;WITHDRAWAL;BTC;10.5
1505865601;DEPOSIT;XRP;11
1505952001;WITHDRAWAL;XRP;10.5
1506038401;DEPOSIT;ETH;11
1506124801;WITHDRAWAL;ETH;10.5
1506211201;DEPOSIT;USDT;12
1506297601;WITHDRAWAL;USDT;11.5
1506384001;DEPOSIT;BNB;12
1506470401;WITHDRAWAL;BNB;11.5
1506556801;DEPOSIT;USDC;12
1506643201;WITHDRAWAL;USDC;11.5
1506729601;DEPOSIT;BUSD;13
1506816001;WITHDRAWAL;BUSD;12.5
1506902401;DEPOSIT;DOGE;13
1506988801;WITHDRAWAL;DOGE;12.5
1507075201;DEPOSIT;MATIC;13
1507161601;WITHDRAWAL;MATIC;12.5
1507248001;DEPOSIT;SOL;14
1507334401;WITHDRAWAL;SOL;13.5
1507420801;DEPOSIT;DOT;13
1507507201;WITHDRAWAL;DOT;12.5
1507593601;DEPOSIT;LTC;12
1507680001;WITHDRAWAL;LTC;11.5
1507766401;DEPOSIT;ATOM;11
1507852801;WITHDRAWAL;ATOM;10.5
1507939201;DEPOSIT;BTC;12
1508025601;WITHDRAWAL;BTC;11.5
1508112001;DEPOSIT;XRP;12
1508198401;WITHDRAWAL;XRP;11.5
1508284801;DEPOSIT;ETH;12
1508371201;WITHDRAWAL;ETH;11.5
1508457601;DEPOSIT;USDT;13
1508544001;WITHDRAWAL;USDT;12.5
1508630401;DEPOSIT;BNB;13
1508716801;WITHDRAWAL;BNB;12.5
1508803201;DEPOSIT;USDC;13
1508889601;WITHDRAWAL;USDC;12.5
1508976001;DEPOSIT;BUSD;14
1509062401;WITHDRAWAL;BUSD;13.5
1509148801;DEPOSIT;DOGE;14
1509235201;WITHDRAWAL;DOGE;13.5
1509321601;DEPOSIT;MATIC;14
1509408001;WITHDRAWAL;MATIC;13.5
1509494401;DEPOSIT;SOL;15
1509580801;WITHDRAWAL;SOL;14.5
1509667201;DEPOSIT;DOT;14
1509753601;WITHDRAWAL;DOT;13.5
1509840001;DEPOSIT;LTC;13
1509926401;WITHDRAWAL;LTC;12.5
1510012801;DEPOSIT;ATOM;12
1510099201;WITHDRAWAL;ATOM;11.5
1510185601;DEPOSIT;BTC;13
1510272001;WITHDRAWAL;BTC;12.5
1510358401;DEPOSIT;XRP;13
1510444801;WITHDRAWAL;XRP;12.5
1510531201;DEPOSIT;ETH;13
1510617601;WITHDRAWAL;ETH;12.5
1510704001;DEPOSIT;USDT;14
1510790401;WITHDRAWAL;USDT;13.5
1510876801;DEPOSIT;BNB;14
1510963201;WITHDRAWAL;BNB;13.5
1511049601;DEPOSIT;USDC;14
1511136001;WITHDRAWAL;USDC;13.5
1511222401;DEPOSIT;BUSD;15
1511308801;WITHDRAWAL;BUSD;14.5
1511395201;DEPOSIT;DOGE;15
1511481601;WITHDRAWAL;DOGE;14.5
1511568001;DEPOSIT;MATIC;15
1511654401;WITHDRAWAL;MATIC;14.5
1511740801;DEPOSIT;SOL;16
1511827201;WITHDRAWAL;SOL;15.5
1511913601;DEPOSIT;DOT;15
1512000001;WITHDRAWAL;DOT;14.5
1512086401;DEPOSIT;LTC;14
1512172801;WITHDRAWAL;LTC;13.5
1512259201;DEPOSIT;ATOM;13
1512345601;WITHDRAWAL;ATOM;12.5
1512432001;DEPOSIT;BTC;14
1512518401;WITHDRAWAL;BTC;13.5
1512604801;DEPOSIT;XRP;14
1512691201;WITHDRAWAL;XRP;13.5
1512777601;DEPOSIT;ETH;14
1512864001;WITHDRAWAL;ETH;13.5
1512950401;DEPOSIT;USDT;15
1513036801;WITHDRAWAL;USDT;14.5
1513123201;DEPOSIT;BNB;15
1513209601;WITHDRAWAL;BNB;14.5
1513296001;DEPOSIT;USDC;15
1513382401;WITHDRAWAL;USDC;14.5
1513468801;DEPOSIT;BUSD;16
1513555201;WITHDRAWAL;BUSD;15.5
1513641601;DEPOSIT;DOGE;16
1513728001;WITHDRAWAL;DOGE;15.5
1513814401;DEPOSIT;MATIC;16
1513900801;WITHDRAWAL;MATIC;15.5
1513987201;DEPOSIT;SOL;17
1514073601;WITHDRAWAL;SOL;16.5
1514160001;DEPOSIT;DOT;16
1514246401;WITHDRAWAL;DOT;15.5
1514332801;DEPOSIT;LTC;15
1514419201;WITHDRAWAL;LTC;14.5
1514505601;DEPOSIT;ATOM;14
1514592001;WITHDRAWAL;ATOM;13.5
1514678401;DEPOSIT;BTC;15
1514764801;WITHDRAWAL;BTC;14.5
1514851201;DEPOSIT;XRP;15
1514937601;WITHDRAWAL;XRP;14.5
1515024001;DEPOSIT;ETH;15
1515110401;WITHDRAWAL;ETH;14.5
1515196801;DEPOSIT;USDT;16
1515283201;WITHDRAWAL;USDT;15.5
1515369601;DEPOSIT;BNB;16
1515456001;WITHDRAWAL;BNB;15.5
1515542401;DEPOSIT;USDC;16
1515628801;WITHDRAWAL;USDC;15.5
1515715201;DEPOSIT;BUSD;17
1515801601;WITHDRAWAL;BUSD;16.5
1515888001;DEPOSIT;DOGE;17
1515974401;WITHDRAWAL;DOGE;16.5
1516060801;DEPOSIT;MATIC;17
1516147201;WITHDRAWAL;MATIC;16.5
1516233601;DEPOSIT;SOL;18
1516320001;WITHDRAWAL;SOL;17.5
1516406401;DEPOSIT;DOT;17
1516492801;WITHDRAWAL;DOT;16.5
1516579201;DEPOSIT;LTC;16
1516665601;WITHDRAWAL;LTC;15.5
1516752001;DEPOSIT;ATOM;15
1516838401;WITHDRAWAL;ATOM;14.5
1516924801;DEPOSIT;BTC;16
1517011201;WITHDRAWAL;BTC;15.5
1517097601;DEPOSIT;XRP;16
1517184001;WITHDRAWAL;XRP;15.5
1517270401;DEPOSIT;ETH;16
1517356801;WITHDRAWAL;ETH;15.5
1517443201;DEPOSIT;USDT;17
1517529601;WITHDRAWAL;USDT;16.5
1517616001;DEPOSIT;BNB;17
1517702401;WITHDRAWAL;BNB;16.5
1517788801;DEPOSIT;USDC;17
1517875201;WITHDRAWAL;USDC;16.5
1517961601;DEPOSIT;BUSD;18
1518048001;WITHDRAWAL;BUSD;17.5
1518134401;DEPOSIT;DOGE;18
1518220801;WITHDRAWAL;DOGE;17.5
1518307201;DEPOSIT;MATIC;18
1518393601;WITHDRAWAL;MATIC;17.5
1518480001;DEPOSIT;SOL;19
1518566401;WITHDRAWAL;SOL;18.5
1518652801;DEPOSIT;DOT;18
1518739201;WITHDRAWAL;DOT;17.5
1518825601;DEPOSIT;LTC;17
1518912001;WITHDRAWAL;LTC;16.5
1518998401;DEPOSIT;ATOM;16
1519084801;WITHDRAWAL;ATOM;15.5
1519171201;DEPOSIT;BTC;17
1519257601;WITHDRAWAL;BTC;16.5
1519344001;DEPOSIT;XRP;17
1519430401;WITHDRAWAL;XRP;16.5
1519516801;DEPOSIT;ETH;17
1519603201;WITHDRAWAL;ETH;16.5
1519689601;DEPOSIT;USDT;18
1519776001;WITHDRAWAL;USDT;17.5
1519862401;DEPOSIT;BNB;18
1519948801;WITHDRAWAL;BNB;17.5
1520035201;DEPOSIT;USDC;18
1520121601;WITHDRAWAL;USDC;17.5
1520208001;DEPOSIT;BUSD;19
1520294401;WITHDRAWAL;BUSD;18.5
1520380801;DEPOSIT;DOGE;19
1520467201;WITHDRAWAL;DOGE;18.5
1520553601;DEPOSIT;MATIC;19
1520640001;WITHDRAWAL;MATIC;18.5
1520726401;DEPOSIT;SOL;20
1520812801;WITHDRAWAL;SOL;19.5
1520899201;DEPOSIT;DOT;19
1520985601;WITHDRAWAL;DOT;18.5
1521072001;DEPOSIT;LTC;18
1521158401;WITHDRAWAL;LTC;17.5
1521244801;DEPOSIT;ATOM;17
1521331201;WITHDRAWAL;ATOM;16.5
1521417601;DEPOSIT;BTC;18
1521504001;WITHDRAWAL;BTC;17.5
1521590401;DEPOSIT;XRP;18
1521676801;WITHDRAWAL;XRP;17.5
1521763201;DEPOSIT;ETH;18
1521849601;WITHDRAWAL;ETH;17.5
1521936001;DEPOSIT;USDT;19
1522022401;WITHDRAWAL;USDT;18.5
1522108801;DEPOSIT;BNB;19
1522195201;WITHDRAWAL;BNB;18.5
1522281601;DEPOSIT;USDC;19
1522368001;WITHDRAWAL;USDC;18.5
1522454401;DEPOSIT;BUSD;20
1522540801;WITHDRAWAL;BUSD;19.5
1522627201;DEPOSIT;DOGE;20
1522713601;WITHDRAWAL;DOGE;19.5
1522800001;DEPOSIT;MATIC;20
1522886401;WITHDRAWAL;MATIC;19.5
1522972801;DEPOSIT;SOL;21
1523059201;WITHDRAWAL;SOL;20.5
1523145601;DEPOSIT;DOT;20
1523232001;WITHDRAWAL;DOT;19.5
1523318401;DEPOSIT;LTC;19
1523404801;WITHDRAWAL;LTC;18.5
1523491201;DEPOSIT;ATOM;18
1523577601;WITHDRAWAL;ATOM;17.5
1523664001;DEPOSIT;BTC;19
1523750401;WITHDRAWAL;BTC;18.5
1523836801;DEPOSIT;XRP;19
1523923201;WITHDRAWAL;XRP;18.5
1524009601;DEPOSIT;ETH;19
1524096001;WITHDRAWAL;ETH;18.5
1524182401;DEPOSIT;USDT;20
1524268801;WITHDRAWAL;USDT;19.5
1524355201;DEPOSIT;BNB;20
1524441601;WITHDRAWAL;BNB;19.5
1524528001;DEPOSIT;USDC;20
1524614401;WITHDRAWAL;USDC;19.5
1524700801;DEPOSIT;BUSD;21
1524787201;WITHDRAWAL;BUSD;20.5
1524873601;DEPOSIT;DOGE;21
1524960001;WITHDRAWAL;DOGE;20.5
1525046401;DEPOSIT;MATIC;21
1525132801;WITHDRAWAL;MATIC;20.5
1525219201;DEPOSIT;SOL;22
1525305601;WITHDRAWAL;SOL;21.5
1525392001;DEPOSIT;DOT;21
1525478401;WITHDRAWAL;DOT;20.5
1525564801;DEPOSIT;LTC;20
1525651201;WITHDRAWAL;LTC;19.5
1525737601;DEPOSIT;ATOM;19
1525824001;WITHDRAWAL;ATOM;18.5
1525910401;DEPOSIT;BTC;20
1525996801;WITHDRAWAL;BTC;19.5
1526083201;DEPOSIT;XRP;20
1526169601;WITHDRAWAL;XRP;19.5
1526256001;DEPOSIT;ETH;20
1526342401;WITHDRAWAL;ETH;19.5
1526428801;DEPOSIT;USDT;21
1526515201;WITHDRAWAL;USDT;20.5
1526601601;DEPOSIT;BNB;21
1526688001;WITHDRAWAL;BNB;20.5
1526774401;DEPOSIT;USDC;21
1526860801;WITHDRAWAL;USDC;20.5
1526947201;DEPOSIT;BUSD;22
1527033601;WITHDRAWAL;BUSD;21.5
1527120001;DEPOSIT;DOGE;22
1527206401;WITHDRAWAL;DOGE;21.5
1527292801;DEPOSIT;MATIC;22
1527379201;WITHDRAWAL;MATIC;21.5
1527465601;DEPOSIT;SOL;23
1527552001;WITHDRAWAL;SOL;22.5
1527638401;DEPOSIT;DOT;22
1527724801;WITHDRAWAL;DOT;21.5
1527811201;DEPOSIT;LTC;21
1527897601;WITHDRAWAL;LTC;20.5
1527984001;DEPOSIT;ATOM;20
1528070401;WITHDRAWAL;ATOM;19.5
1528156801;DEPOSIT;BTC;21
1528243201;WITHDRAWAL;BTC;20.5
1528329601;DEPOSIT;XRP;21
1528416001;WITHDRAWAL;XRP;20.5
1528502401;DEPOSIT;ETH;21
1528588801;WITHDRAWAL;ETH;20.5
1528675201;DEPOSIT;USDT;22
1528761601;WITHDRAWAL;USDT;21.5
1528848001;DEPOSIT;BNB;22
1528934401;WITHDRAWAL;BNB;21.5
1529020801;DEPOSIT;USDC;22
1529107201;WITHDRAWAL;USDC;21.5
1529193601;DEPOSIT;BUSD;23
1529280001;WITHDRAWAL;BUSD;22.5
1529366401;DEPOSIT;DOGE;23
1529452801;WITHDRAWAL;DOGE;22.5
1529539201;DEPOSIT;MATIC;23
1529625601;WITHDRAWAL;MATIC;22.5
1529712001;DEPOSIT;SOL;24
1529798401;WITHDRAWAL;SOL;23.5
1529884801;DEPOSIT;DOT;23
1529971201;WITHDRAWAL;DOT;22.5
1530057601;DEPOSIT;LTC;22
1530144001;WITHDRAWAL;LTC;21.5
1530230401;DEPOSIT;ATOM;21
1530316801;WITHDRAWAL;ATOM;20.5
1530403201;DEPOSIT;BTC;22
1530489601;WITHDRAWAL;BTC;21.5
1530576001;DEPOSIT;XRP;22
1530662401;WITHDRAWAL;XRP;21.5
1530748801;DEPOSIT;ETH;22
1530835201;WITHDRAWAL;ETH;21.5
1530921601;DEPOSIT;USDT;23
1531008001;WITHDRAWAL;USDT;22.5
1531094401;DEPOSIT;BNB;23
1531180801;WITHDRAWAL;BNB;22.5
1531267201;DEPOSIT;USDC;23
1531353601;WITHDRAWAL;USDC;22.5
1531440001;DEPOSIT;BUSD;24
1531526401;WITHDRAWAL;BUSD;23.5
1531612801;DEPOSIT;DOGE;24
1531699201;WITHDRAWAL;DOGE;23.5
1531785601;DEPOSIT;MATIC;24
1531872001;WITHDRAWAL;MATIC;23.5
1531958401;DEPOSIT;SOL;25
1532044801;WITHDRAWAL;SOL;24.5
1532131201;DEPOSIT;DOT;24
1532217601;WITHDRAWAL;DOT;23.5
1532304001;DEPOSIT;LTC;23
1532390401;WITHDRAWAL;LTC;22.5
1532476801;DEPOSIT;ATOM;22
1532563201;WITHDRAWAL;ATOM;21.5
1532649601;DEPOSIT;BTC;23
1532736001;WITHDRAWAL;BTC;22.5
1532822401;DEPOSIT;XRP;23
1532908801;WITHDRAWAL;XRP;22.5
1532995201;DEPOSIT;ETH;23
1533081601;WITHDRAWAL;ETH;22.5
1533168001;DEPOSIT;USDT;24
1533254401;WITHDRAWAL;USDT;23.5
1533340801;DEPOSIT;BNB;24
1533427201;WITHDRAWAL;BNB;23.5
1533513601;DEPOSIT;USDC;24
1533600001;WITHDRAWAL;USDC;23.5
1533686401;DEPOSIT;BUSD;25
1533772801;WITHDRAWAL;BUSD;24.5
1533859201;DEPOSIT;DOGE;25
1533945601;WITHDRAWAL;DOGE;24.5
1534032001;DEPOSIT;MATIC;25
1534118401;WITHDRAWAL;MATIC;24.5
1534204801;DEPOSIT;SOL;26
1534291201;WITHDRAWAL;SOL;25.5
1534377601;DEPOSIT;DOT;25
1534464001;WITHDRAWAL;DOT;24.5
1534550401;DEPOSIT;LTC;24
1534636801;WITHDRAWAL;LTC;23.5
1534723201;DEPOSIT;ATOM;23
1534809601;WITHDRAWAL;ATOM;22.5
1534896001;DEPOSIT;BTC;24
1534982401;WITHDRAWAL;BTC;23.5
1535068801;DEPOSIT;XRP;24
1535155201;WITHDRAWAL;XRP;23.5
1535241601;DEPOSIT;ETH;24
1535328001;WITHDRAWAL;ETH;23.5
1535414401;DEPOSIT;USDT;25
1535500801;WITHDRAWAL;USDT;24.5
1535587201;DEPOSIT;BNB;25
1535673601;WITHDRAWAL;BNB;24.5
1535760001;DEPOSIT;USDC;25
1535846401;WITHDRAWAL;USDC;24.5
1535932801;DEPOSIT;BUSD;26
1536019201;WITHDRAWAL;BUSD;25.5
1536105601;DEPOSIT;DOGE;26
1536192001;WITHDRAWAL;DOGE;25.5
1536278401;DEPOSIT;MATIC;26
1536364801;WITHDRAWAL;MATIC;25.5
1536451201;DEPOSIT;SOL;27
1536537601;WITHDRAWAL;SOL;26.5
1536624001;DEPOSIT;DOT;26
1536710401;WITHDRAWAL;DOT;25.5
1536796801;DEPOSIT;LTC;25
1536883201;WITHDRAWAL;LTC;24.5
1536969601;DEPOSIT;ATOM;24
1537056001;WITHDRAWAL;ATOM;23.5
1537142401;DEPOSIT;BTC;25
1537228801;WITHDRAWAL;BTC;24.5
1537315201;DEPOSIT;XRP;25
1537401601;WITHDRAWAL;XRP;24.5
1537488001;DEPOSIT;ETH;25
1537574401;WITHDRAWAL;ETH;24.5
1537660801;DEPOSIT;USDT;26
1537747201;WITHDRAWAL;USDT;25.5
1537833601;DEPOSIT;BNB;26
1537920001;WITHDRAWAL;BNB;25.5
1538006401;DEPOSIT;USDC;26
1538092801;WITHDRAWAL;USDC;25.5
1538179201;DEPOSIT;BUSD;27
1538265601;WITHDRAWAL;BUSD;26.5
1538352001;DEPOSIT;DOGE;27
1538438401;WITHDRAWAL;DOGE;26.5
1538524801;DEPOSIT;MATIC;27
1538611201;WITHDRAWAL;MATIC;26.5
1538697601;DEPOSIT;SOL;28
1538784001;WITHDRAWAL;SOL;27.5
1538870401;DEPOSIT;DOT;27
1538956801;WITHDRAWAL;DOT;26.5
1539043201;DEPOSIT;LTC;26
1539129601;WITHDRAWAL;LTC;25.5
1539216001;DEPOSIT;ATOM;25
1539302401;WITHDRAWAL;ATOM;24.5
1539388801;DEPOSIT;BTC;26
1539475201;WITHDRAWAL;BTC;25.5
1539561601;DEPOSIT;XRP;26
1539648001;WITHDRAWAL;XRP;25.5
1539734401;DEPOSIT;ETH;26
1539820801;WITHDRAWAL;ETH;25.5
1539907201;DEPOSIT;USDT;27
1539993601;WITHDRAWAL;USDT;26.5
1540080001;DEPOSIT;BNB;27
1540166401;WITHDRAWAL;BNB;26.5
1540252801;DEPOSIT;USDC;27
1540339201;WITHDRAWAL;USDC;26.5
1540425601;DEPOSIT;BUSD;28
1540512001;WITHDRAWAL;BUSD;27.5
1540598401;DEPOSIT;DOGE;28
1540684801;WITHDRAWAL;DOGE;27.5
1540771201;DEPOSIT;MATIC;28
1540857601;WITHDRAWAL;MATIC;27.5
1540944001;DEPOSIT;SOL;29
1541030401;WITHDRAWAL;SOL;28.5
1541116801;DEPOSIT;DOT;28
1541203201;WITHDRAWAL;DOT;27.5
1541289601;DEPOSIT;LTC;27
1541376001;WITHDRAWAL;LTC;26.5
1541462401;DEPOSIT;ATOM;26
1541548801;WITHDRAWAL;ATOM;25.5
1541635201;DEPOSIT;BTC;27
1541721601;WITHDRAWAL;BTC;26.5
1541808001;DEPOSIT;XRP;27
1541894401;WITHDRAWAL;XRP;26.5
1541980801;DEPOSIT;ETH;27
1542067201;WITHDRAWAL;ETH;26.5
1542153601;DEPOSIT;USDT;28
1542240001;WITHDRAWAL;USDT;27.5
1542326401;DEPOSIT;BNB;28
1542412801;WITHDRAWAL;BNB;27.5
1542499201;DEPOSIT;USDC;28
1542585601;WITHDRAWAL;USDC;27.5
1542672001;DEPOSIT;BUSD;29
1542758401;WITHDRAWAL;BUSD;28.5
1542844801;DEPOSIT;DOGE;29
1542931201;WITHDRAWAL;DOGE;28.5
1543017601;DEPOSIT;MATIC;29
1543104001;WITHDRAWAL;MATIC;28.5
1543190401;DEPOSIT;SOL;30
1543276801;WITHDRAWAL;SOL;29.5
1543363201;DEPOSIT;DOT;29
1543449601;WITHDRAWAL;DOT;28.5
1543536001;DEPOSIT;LTC;28
1543622401;WITHDRAWAL;LTC;27.5
1543708801;DEPOSIT;ATOM;27
1543795201;WITHDRAWAL;ATOM;26.5
1543881601;DEPOSIT;BTC;28
1543968001;WITHDRAWAL;BTC;27.5
1544054401;DEPOSIT;XRP;28
1544140801;WITHDRAWAL;XRP;27.5
1544227201;DEPOSIT;ETH;28
1544313601;WITHDRAWAL;ETH;27.5
1544400001;DEPOSIT;USDT;29
1544486401;WITHDRAWAL;USDT;28.5
1544572801;DEPOSIT;BNB;29
1544659201;WITHDRAWAL;BNB;28.5
1544745601;DEPOSIT;USDC;29
1544832001;WITHDRAWAL;USDC;28.5
1544918401;DEPOSIT;BUSD;30
1545004801;WITHDRAWAL;BUSD;29.5
1545091201;DEPOSIT;DOGE;30
1545177601;WITHDRAWAL;DOGE;29.5
1545264001;DEPOSIT;MATIC;30
1545350401;WITHDRAWAL;MATIC;29.5
1545436801;DEPOSIT;SOL;31
1545523201;WITHDRAWAL;SOL;30.5
1545609601;DEPOSIT;DOT;30
1545696001;WITHDRAWAL;DOT;29.5
1545782401;DEPOSIT;LTC;29
1545868801;WITHDRAWAL;LTC;28.5
1545955201;DEPOSIT;ATOM;28
1546041601;WITHDRAWAL;ATOM;27.5
1546128001;DEPOSIT;BTC;29
1546214401;WITHDRAWAL;BTC;28.5
1546300801;DEPOSIT;XRP;29
1546387201;WITHDRAWAL;XRP;28.5
1546473601;DEPOSIT;ETH;29
1546560001;WITHDRAWAL;ETH;28.5
1546646401;DEPOSIT;USDT;30
1546732801;WITHDRAWAL;USDT;29.5
1546819201;DEPOSIT;BNB;30
1546905601;WITHDRAWAL;BNB;29.5
1546992001;DEPOSIT;USDC;30
1547078401;WITHDRAWAL;USDC;29.5
1547164801;DEPOSIT;BUSD;31
1547251201;WITHDRAWAL;BUSD;30.5
1547337601;DEPOSIT;DOGE;31
1547424001;WITHDRAWAL;DOGE;30.5
1547510401;DEPOSIT;MATIC;31
1547596801;WITHDRAWAL;MATIC;30.5
1547683201;DEPOSIT;SOL;32
1547769601;WITHDRAWAL;SOL;31.5
1547856001;DEPOSIT;DOT;31
1547942401;WITHDRAWAL;DOT;30.5
1548028801;DEPOSIT;LTC;30
1548115201;WITHDRAWAL;LTC;29.5
1548201601;DEPOSIT;ATOM;29
1548288001;WITHDRAWAL;ATOM;28.5
1548374401;DEPOSIT;BTC;30
1548460801;WITHDRAWAL;BTC;29.5
1548547201;DEPOSIT;XRP;30
1548633601;WITHDRAWAL;XRP;29.5
1548720001;DEPOSIT;ETH;30
1548806401;WITHDRAWAL;ETH;29.5
1548892801;DEPOSIT;USDT;31
1548979201;WITHDRAWAL;USDT;30.5
1549065601;DEPOSIT;BNB;31
1549152001;WITHDRAWAL;BNB;30.5
1549238401;DEPOSIT;USDC;31
1549324801;WITHDRAWAL;USDC;30.5
1549411201;DEPOSIT;BUSD;32
1549497601;WITHDRAWAL;BUSD;31.5
1549584001;DEPOSIT;DOGE;32
1549670401;WITHDRAWAL;DOGE;31.5
1549756801;DEPOSIT;MATIC;32
1549843201;WITHDRAWAL;MATIC;31.5
1549929601;DEPOSIT;SOL;33
1550016001;WITHDRAWAL;SOL;32.5
1550102401;DEPOSIT;DOT;32
1550188801;WITHDRAWAL;DOT;31.5
1550275201;DEPOSIT;LTC;31
1550361601;WITHDRAWAL;LTC;30.5
1550448001;DEPOSIT;ATOM;30
1550534401;WITHDRAWAL;ATOM;29.5
1550620801;DEPOSIT;BTC;31
1550707201;WITHDRAWAL;BTC;30.5
1550793601;DEPOSIT;XRP;31
1550880001;WITHDRAWAL;XRP;30.5
1550966401;DEPOSIT;ETH;31
1551052801;WITHDRAWAL;ETH;30.5
1551139201;DEPOSIT;USDT;32
1551225601;WITHDRAWAL;USDT;31.5
1551312001;DEPOSIT;BNB;32
1551398401;WITHDRAWAL;BNB;31.5
1551484801;DEPOSIT;USDC;32
1551571201;WITHDRAWAL;USDC;31.5
1551657601;DEPOSIT;BUSD;33
1551744001;WITHDRAWAL;BUSD;32.5
1551830401;DEPOSIT;DOGE;33
1551916801;WITHDRAWAL;DOGE;32.5
1552003201;DEPOSIT;MATIC;33
1552089601;WITHDRAWAL;MATIC;32.5
1552176001;DEPOSIT;SOL;34
1552262401;WITHDRAWAL;SOL;33.5
1552348801;DEPOSIT;DOT;33
1552435201;WITHDRAWAL;DOT;32.5
1552521601;DEPOSIT;LTC;32
1552608001;WITHDRAWAL;LTC;31.5
1552694401;DEPOSIT;ATOM;31
1552780801;WITHDRAWAL;ATOM;30.5
1552867201;DEPOSIT;BTC;32
1552953601;WITHDRAWAL;BTC;31.5
1553040001;DEPOSIT;XRP;32
1553126401;WITHDRAWAL;XRP;31.5
1553212801;DEPOSIT;ETH;32
1553299201;WITHDRAWAL;ETH;31.5
1553385601;DEPOSIT;USDT;33
1553472001;WITHDRAWAL;USDT;32.5
1553558401;DEPOSIT;BNB;33
1553644801;WITHDRAWAL;BNB;32.5
1553731201;DEPOSIT;USDC;33
1553817601;WITHDRAWAL;USDC;32.5
1553904001;DEPOSIT;BUSD;34
1553990401;WITHDRAWAL;BUSD;33.5
1554076801;DEPOSIT;DOGE;34
1554163201;WITHDRAWAL;DOGE;33.5
1554249601;DEPOSIT;MATIC;34
1554336001;WITHDRAWAL;MATIC;33.5
1554422401;DEPOSIT;SOL;35
1554508801;WITHDRAWAL;SOL;34.5
1554595201;DEPOSIT;DOT;34
1554681601;WITHDRAWAL;DOT;33.5
1554768001;DEPOSIT;LTC;33
1554854401;WITHDRAWAL;LTC;32.5
1554940801;DEPOSIT;ATOM;32
1555027201;WITHDRAWAL;ATOM;31.5
1555113601;DEPOSIT;BTC;33
1555200001;WITHDRAWAL;BTC;32.5
1555286401;DEPOSIT;XRP;33
1555372801;WITHDRAWAL;XRP;32.5
1555459201;DEPOSIT;ETH;33
1555545601;WITHDRAWAL;ETH;32.5
1555632001;DEPOSIT;USDT;34
1555718401;WITHDRAWAL;USDT;33.5
1555804801;DEPOSIT;BNB;34
1555891201;WITHDRAWAL;BNB;33.5
1555977601;DEPOSIT;USDC;34
1556064001;WITHDRAWAL;USDC;33.5
1556150401;DEPOSIT;BUSD;35
1556236801;WITHDRAWAL;BUSD;34.5
1556323201;DEPOSIT;DOGE;35
1556409601;WITHDRAWAL;DOGE;34.5
1556496001;DEPOSIT;MATIC;35
1556582401;WITHDRAWAL;MATIC;34.5
1556668801;DEPOSIT;SOL;36
1556755201;WITHDRAWAL;SOL;35.5
1556841601;DEPOSIT;DOT;35
1556928001;WITHDRAWAL;DOT;34.5
1557014401;DEPOSIT;LTC;34
1557100801;WITHDRAWAL;LTC;33.5
1557187201;DEPOSIT;ATOM;33
1557273601;WITHDRAWAL;ATOM;32.5
1557360001;DEPOSIT;BTC;34
1557446401;WITHDRAWAL;BTC;33.5
1557532801;DEPOSIT;XRP;34
1557619201;WITHDRAWAL;XRP;33.5
1557705601;DEPOSIT;ETH;34
1557792001;WITHDRAWAL;ETH;33.5
1557878401;DEPOSIT;USDT;35
1557964801;WITHDRAWAL;USDT;34.5
1558051201;DEPOSIT;BNB;35
1558137601;WITHDRAWAL;BNB;34.5
1558224001;DEPOSIT;USDC;35
1558310401;WITHDRAWAL;USDC;34.5
1558396801;DEPOSIT;BUSD;36
1558483201;WITHDRAWAL;BUSD;35.5
1558569601;DEPOSIT;DOGE;36
1558656001;WITHDRAWAL;DOGE;35.5
1558742401;DEPOSIT;MATIC;36
1558828801;WITHDRAWAL;MATIC;35.5
1558915201;DEPOSIT;SOL;37
1559001601;WITHDRAWAL;SOL;36.5
1559088001;DEPOSIT;DOT;36
1559174401;WITHDRAWAL;DOT;35.5
1559260801;DEPOSIT;LTC;35
1559347201;WITHDRAWAL;LTC;34.5
1559433601;DEPOSIT;ATOM;34
1559520001;WITHDRAWAL;ATOM;33.5
1559606401;DEPOSIT;BTC;35
1559692801;WITHDRAWAL;BTC;34.5
1559779201;DEPOSIT;XRP;35
1559865601;WITHDRAWAL;XRP;34.5
1559952001;DEPOSIT;ETH;35
1560038401;WITHDRAWAL;ETH;34.5
1560124801;DEPOSIT;USDT;36
1560211201;WITHDRAWAL;USDT;35.5
1560297601;DEPOSIT;BNB;36
1560384001;WITHDRAWAL;BNB;35.5
1560470401;DEPOSIT;USDC;36
1560556801;WITHDRAWAL;USDC;35.5
1560643201;DEPOSIT;BUSD;37
1560729601;WITHDRAWAL;BUSD;36.5
1560816001;DEPOSIT;DOGE;37
1560902401;WITHDRAWAL;DOGE;36.5
1560988801;DEPOSIT;MATIC;37
1561075201;WITHDRAWAL;MATIC;36.5
1561161601;DEPOSIT;SOL;38
1561248001;WITHDRAWAL;SOL;37.5
1561334401;DEPOSIT;DOT;37
1561420801;WITHDRAWAL;DOT;36.5
1561507201;DEPOSIT;LTC;36
1561593601;WITHDRAWAL;LTC;35.5
1561680001;DEPOSIT;ATOM;35
1561766401;WITHDRAWAL;ATOM;34.5
1561852801;DEPOSIT;BTC;36
1561939201;WITHDRAWAL;BTC;35.5
1562025601;DEPOSIT;XRP;36
1562112001;WITHDRAWAL;XRP;35.5
1562198401;DEPOSIT;ETH;36
1562284801;WITHDRAWAL;ETH;35.5
1562371201;DEPOSIT;USDT;37
1562457601;WITHDRAWAL;USDT;36.5
1562544001;DEPOSIT;BNB;37
1562630401;WITHDRAWAL;BNB;36.5
1562716801;DEPOSIT;USDC;37
1562803201;WITHDRAWAL;USDC;36.5
1562889601;DEPOSIT;BUSD;38
1562976001;WITHDRAWAL;BUSD;37.5
1563062401;DEPOSIT;DOGE;38
1563148801;WITHDRAWAL;DOGE;37.5
1563235201;DEPOSIT;MATIC;38
1563321601;WITHDRAWAL;MATIC;37.5
1563408001;DEPOSIT;SOL;39
1563494401;WITHDRAWAL;SOL;38.5
1563580801;DEPOSIT;DOT;38
1563667201;WITHDRAWAL;DOT;37.5
1563753601;DEPOSIT;LTC;37
1563840001;WITHDRAWAL;LTC;36.5
1563926401;DEPOSIT;ATOM;36
1564012801;WITHDRAWAL;ATOM;35.5
1564099201;DEPOSIT;BTC;37
1564185601;WITHDRAWAL;BTC;36.5
1564272001;DEPOSIT;XRP;37
1564358401;WITHDRAWAL;XRP;36.5
1564444801;DEPOSIT;ETH;37
1564531201;WITHDRAWAL;ETH;36.5
1564617601;DEPOSIT;USDT;38
1564704001;WITHDRAWAL;USDT;37.5
1564790401;DEPOSIT;BNB;38
1564876801;WITHDRAWAL;BNB;37.5
1564963201;DEPOSIT;USDC;38
1565049601;WITHDRAWAL;USDC;37.5
1565136001;DEPOSIT;BUSD;39
1565222401;WITHDRAWAL;BUSD;38.5
1565308801;DEPOSIT;DOGE;39
1565395201;WITHDRAWAL;DOGE;38.5
1565481601;DEPOSIT;MATIC;39
1565568001;WITHDRAWAL;MATIC;38.5
1565654401;DEPOSIT;SOL;40
1565740801;WITHDRAWAL;SOL;39.5
1565827201;DEPOSIT;DOT;39
1565913601;WITHDRAWAL;DOT;38.5
1566000001;DEPOSIT;LTC;38
1566086401;WITHDRAWAL;LTC;37.5
1566172801;DEPOSIT;ATOM;37
1566259201;WITHDRAWAL;ATOM;36.5
1566345601;DEPOSIT;BTC;38
1566432001;WITHDRAWAL;BTC;37.5
1566518401;DEPOSIT;XRP;38
1566604801;WITHDRAWAL;XRP;37.5
1566691201;DEPOSIT;ETH;38
1566777601;WITHDRAWAL;ETH;37.5
1566864001;DEPOSIT;USDT;39
1566950401;WITHDRAWAL;USDT;38.5
1567036801;DEPOSIT;BNB;39
1567123201;WITHDRAWAL;BNB;38.5
1567209601;DEPOSIT;USDC;39
1567296001;WITHDRAWAL;USDC;38.5
1567382401;DEPOSIT;BUSD;40
1567468801;WITHDRAWAL;BUSD;39.5
1567555201;DEPOSIT;DOGE;40
1567641601;WITHDRAWAL;DOGE;39.5
1567728001;DEPOSIT;MATIC;40
1567814401;WITHDRAWAL;MATIC;39.5
1567900801;DEPOSIT;SOL;41
1567987201;WITHDRAWAL;SOL;40.5
1568073601;DEPOSIT;DOT;40
1568160001;WITHDRAWAL;DOT;39.5
1568246401;DEPOSIT;LTC;39
1568332801;WITHDRAWAL;LTC;38.5
1568419201;DEPOSIT;ATOM;38
1568505601;WITHDRAWAL;ATOM;37.5
1568592001;DEPOSIT;BTC;39
1568678401;WITHDRAWAL;BTC;38.5
1568764801;DEPOSIT;XRP;39
1568851201;WITHDRAWAL;XRP;38.5
1568937601;DEPOSIT;ETH;39
1569024001;WITHDRAWAL;ETH;38.5
1569110401;DEPOSIT;USDT;40
1569196801;WITHDRAWAL;USDT;39.5
1569283201;DEPOSIT;BNB;40
1569369601;WITHDRAWAL;BNB;39.5
1569456001;DEPOSIT;USDC;40
1569542401;WITHDRAWAL;USDC;39.5
1569628801;DEPOSIT;BUSD;41
1569715201;WITHDRAWAL;BUSD;40.5
1569801601;DEPOSIT;DOGE;41
1569888001;WITHDRAWAL;DOGE;40.5
1569974401;DEPOSIT;MATIC;41
1570060801;WITHDRAWAL;MATIC;40.5
1570147201;DEPOSIT;SOL;42
1570233601;WITHDRAWAL;SOL;41.5
1570320001;DEPOSIT;DOT;41
1570406401;WITHDRAWAL;DOT;40.5
1570492801;DEPOSIT;LTC;40
1570579201;WITHDRAWAL;LTC;39.5
1570665601;DEPOSIT;ATOM;39
1570752001;WITHDRAWAL;ATOM;38.5
1570838401;DEPOSIT;BTC;40
1570924801;WITHDRAWAL;BTC;39.5
1571011201;DEPOSIT;XRP;40
1571097601;WITHDRAWAL;XRP;39.5
1571184001;DEPOSIT;ETH;40
1571270401;WITHDRAWAL;ETH;39.5
1571356801;DEPOSIT;USDT;41
1571443201;WITHDRAWAL;USDT;40.5
1571529601;DEPOSIT;BNB;41
1571616001;WITHDRAWAL;BNB;40.5
1571702401;DEPOSIT;USDC;41
1571788801;WITHDRAWAL;USDC;40.5
1571875201;DEPOSIT;BUSD;42
1571961601;WITHDRAWAL;BUSD;41.5
1572048001;DEPOSIT;DOGE;42
1572134401;WITHDRAWAL;DOGE;41.5
1572220801;DEPOSIT;MATIC;42
1572307201;WITHDRAWAL;MATIC;41.5
1572393601;DEPOSIT;SOL;43
1572480001;WITHDRAWAL;SOL;42.5
1572566401;DEPOSIT;DOT;42
1572652801;WITHDRAWAL;DOT;41.5
1572739201;DEPOSIT;LTC;41
1572825601;WITHDRAWAL;LTC;40.5
1572912001;DEPOSIT;ATOM;40
1572998401;WITHDRAWAL;ATOM;39.5
1573084801;DEPOSIT;BTC;41
1573171201;WITHDRAWAL;BTC;40.5
1573257601;DEPOSIT;XRP;41
1573344001;WITHDRAWAL;XRP;40.5
1573430401;DEPOSIT;ETH;41
1573516801;WITHDRAWAL;ETH;40.5
1573603201;DEPOSIT;USDT;42
1573689601;WITHDRAWAL;USDT;41.5
1573776001;DEPOSIT;BNB;42
1573862401;WITHDRAWAL;BNB;41.5
1573948801;DEPOSIT;USDC;42
1574035201;WITHDRAWAL;USDC;41.5
1574121601;DEPOSIT;BUSD;43
1574208001;WITHDRAWAL;BUSD;42.5
1574294401;DEPOSIT;DOGE;43
1574380801;WITHDRAWAL;DOGE;42.5
1574467201;DEPOSIT;MATIC;43
1574553601;WITHDRAWAL;MATIC;42.5
1574640001;DEPOSIT;SOL;44
1574726401;WITHDRAWAL;SOL;43.5
1574812801;DEPOSIT;DOT;43
1574899201;WITHDRAWAL;DOT;42.5
1574985601;DEPOSIT;LTC;42
1575072001;WITHDRAWAL;LTC;41.5
1575158401;DEPOSIT;ATOM;41
1575244801;WITHDRAWAL;ATOM;40.5
1575331201;DEPOSIT;BTC;42
1575417601;WITHDRAWAL;BTC;41.5
1575504001;DEPOSIT;XRP;42
1575590401;WITHDRAWAL;XRP;41.5
1575676801;DEPOSIT;ETH;42
1575763201;WITHDRAWAL;ETH;41.5
1575849601;DEPOSIT;USDT;43
1575936001;WITHDRAWAL;USDT;42.5
1576022401;DEPOSIT;BNB;43
1576108801;WITHDRAWAL;BNB;42.5
1576195201;DEPOSIT;USDC;43
1576281601;WITHDRAWAL;USDC;42.5
1576368001;DEPOSIT;BUSD;44
1576454401;WITHDRAWAL;BUSD;43.5
1576540801;DEPOSIT;DOGE;44
1576627201;WITHDRAWAL;DOGE;43.5
1576713601;DEPOSIT;MATIC;44
1576800001;WITHDRAWAL;MATIC;43.5
1576886401;DEPOSIT;SOL;45
1576972801;WITHDRAWAL;SOL;44.5
1577059201;DEPOSIT;DOT;44
1577145601;WITHDRAWAL;DOT;43.5
1577232001;DEPOSIT;LTC;43
1577318401;WITHDRAWAL;LTC;42.5
1577404801;DEPOSIT;ATOM;42
1577491201;WITHDRAWAL;ATOM;41.5
1577577601;DEPOSIT;BTC;43
1577664001;WITHDRAWAL;BTC;42.5
1577750401;DEPOSIT;XRP;43
1577836801;WITHDRAWAL;XRP;42.5
1577923201;DEPOSIT;ETH;43
1578009601;WITHDRAWAL;ETH;42.5
1578096001;DEPOSIT;USDT;44
1578182401;WITHDRAWAL;USDT;43.5
1578268801;DEPOSIT;BNB;44
1578355201;WITHDRAWAL;BNB;43.5
1578441601;DEPOSIT;USDC;44
1578528001;WITHDRAWAL;USDC;43.5
1578614401;DEPOSIT;BUSD;45
1578700801;WITHDRAWAL;BUSD;44.5
1578787201;DEPOSIT;DOGE;45
1578873601;WITHDRAWAL;DOGE;44.5
1578960001;DEPOSIT;MATIC;45
1579046401;WITHDRAWAL;MATIC;44.5
1579132801;DEPOSIT;SOL;46
1579219201;WITHDRAWAL;SOL;45.5
1579305601;DEPOSIT;DOT;45
1579392001;WITHDRAWAL;DOT;44.5
1579478401;DEPOSIT;LTC;44
1579564801;WITHDRAWAL;LTC;43.5
1579651201;DEPOSIT;ATOM;43
1579737601;WITHDRAWAL;ATOM;42.5
1579824001;DEPOSIT;BTC;44
1579910401;WITHDRAWAL;BTC;43.5
1579996801;DEPOSIT;XRP;44
1580083201;WITHDRAWAL;XRP;43.5
1580169601;DEPOSIT;ETH;44
1580256001;WITHDRAWAL;ETH;43.5
1580342401;DEPOSIT;USDT;45
1580428801;WITHDRAWAL;USDT;44.5
1580515201;DEPOSIT;BNB;45
1580601601;WITHDRAWAL;BNB;44.5
1580688001;DEPOSIT;USDC;45
1580774401;WITHDRAWAL;USDC;44.5
1580860801;DEPOSIT;BUSD;46
1580947201;WITHDRAWAL;BUSD;45.5
1581033601;DEPOSIT;DOGE;46
1581120001;WITHDRAWAL;DOGE;45.5
1581206401;DEPOSIT;MATIC;46
1581292801;WITHDRAWAL;MATIC;45.5
1581379201;DEPOSIT;SOL;47
1581465601;WITHDRAWAL;SOL;46.5
1581552001;DEPOSIT;DOT;46
1581638401;WITHDRAWAL;DOT;45.5
1581724801;DEPOSIT;LTC;45
1581811201;WITHDRAWAL;LTC;44.5
1581897601;DEPOSIT;ATOM;44
1581984001;WITHDRAWAL;ATOM;43.5
1582070401;DEPOSIT;BTC;45
1582156801;WITHDRAWAL;BTC;44.5
1582243201;DEPOSIT;XRP;45
1582329601;WITHDRAWAL;XRP;44.5
1582416001;DEPOSIT;ETH;45
1582502401;WITHDRAWAL;ETH;44.5
1582588801;DEPOSIT;USDT;46
1582675201;WITHDRAWAL;USDT;45.5
1582761601;DEPOSIT;BNB;46
1582848001;WITHDRAWAL;BNB;45.5
1582934401;DEPOSIT;USDC;46
1583020801;WITHDRAWAL;USDC;45.5
1583107201;DEPOSIT;BUSD;47
1583193601;WITHDRAWAL;BUSD;46.5
1583280001;DEPOSIT;DOGE;47
1583366401;WITHDRAWAL;DOGE;46.5
1583452801;DEPOSIT;MATIC;47
1583539201;WITHDRAWAL;MATIC;46.5
1583625601;DEPOSIT;SOL;48
1583712001;WITHDRAWAL;SOL;47.5
1583798401;DEPOSIT;DOT;47
1583884801;WITHDRAWAL;DOT;46.5
1583971201;DEPOSIT;LTC;46
1584057601;WITHDRAWAL;LTC;45.5
1584144001;DEPOSIT;ATOM;45
1584230401;WITHDRAWAL;ATOM;44.5
1584316801;DEPOSIT;BTC;46
1584403201;WITHDRAWAL;BTC;45.5
1584489601;DEPOSIT;XRP;46
1584576001;WITHDRAWAL;XRP;45.5
1584662401;DEPOSIT;ETH;46
1584748801;WITHDRAWAL;ETH;45.5
1584835201;DEPOSIT;USDT;47
1584921601;WITHDRAWAL;USDT;46.5
1585008001;DEPOSIT;BNB;47
1585094401;WITHDRAWAL;BNB;46.5
1585180801;DEPOSIT;USDC;47
1585267201;WITHDRAWAL;USDC;46.5
1585353601;DEPOSIT;BUSD;48
1585440001;WITHDRAWAL;BUSD;47.5
1585526401;DEPOSIT;DOGE;48
1585612801;WITHDRAWAL;DOGE;47.5
1585699201;DEPOSIT;MATIC;48
1585785601;WITHDRAWAL;MATIC;47.5
1585872001;DEPOSIT;SOL;49
1585958401;WITHDRAWAL;SOL;48.5
1586044801;DEPOSIT;DOT;48
1586131201;WITHDRAWAL;DOT;47.5
1586217601;DEPOSIT;LTC;47
1586304001;WITHDRAWAL;LTC;46.5
1586390401;DEPOSIT;ATOM;46
1586476801;WITHDRAWAL;ATOM;45.5
1586563201;DEPOSIT;BTC;47
1586649601;WITHDRAWAL;BTC;46.5
1586736001;DEPOSIT;XRP;47
1586822401;WITHDRAWAL;XRP;46.5
1586908801;DEPOSIT;ETH;47
1586995201;WITHDRAWAL;ETH;46.5
1587081601;DEPOSIT;USDT;48
1587168001;WITHDRAWAL;USDT;47.5
1587254401;DEPOSIT;BNB;48
1587340801;WITHDRAWAL;BNB;47.5
1587427201;DEPOSIT;USDC;48
1587513601;WITHDRAWAL;USDC;47.5
1587600001;DEPOSIT;BUSD;49
1587686401;WITHDRAWAL;BUSD;48.5
1587772801;DEPOSIT;DOGE;49
1587859201;WITHDRAWAL;DOGE;48.5
1587945601;DEPOSIT;MATIC;49
1588032001;WITHDRAWAL;MATIC;48.5
1588118401;DEPOSIT;SOL;50
1588204801;WITHDRAWAL;SOL;49.5
1588291201;DEPOSIT;DOT;49
1588377601;WITHDRAWAL;DOT;48.5
1588464001;DEPOSIT;LTC;48
1588550401;WITHDRAWAL;LTC;47.5
1588636801;DEPOSIT;ATOM;47
1588723201;WITHDRAWAL;ATOM;46.5
1588809601;DEPOSIT;BTC;48
1588896001;WITHDRAWAL;BTC;47.5
1588982401;DEPOSIT;XRP;48
1589068801;WITHDRAWAL;XRP;47.5
1589155201;DEPOSIT;ETH;48
1589241601;WITHDRAWAL;ETH;47.5
1589328001;DEPOSIT;USDT;49
1589414401;WITHDRAWAL;USDT;48.5
1589500801;DEPOSIT;BNB;49
1589587201;WITHDRAWAL;BNB;48.5
1589673601;DEPOSIT;USDC;49
1589760001;WITHDRAWAL;USDC;48.5
1589846401;DEPOSIT;BUSD;50
1589932801;WITHDRAWAL;BUSD;49.5
1590019201;DEPOSIT;DOGE;50
1590105601;WITHDRAWAL;DOGE;49.5
1590192001;DEPOSIT;MATIC;50
1590278401;WITHDRAWAL;MATIC;49.5
1590364801;DEPOSIT;SOL;51
1590451201;WITHDRAWAL;SOL;50.5
1590537601;DEPOSIT;DOT;50
1590624001;WITHDRAWAL;DOT;49.5
1590710401;DEPOSIT;LTC;49
1590796801;WITHDRAWAL;LTC;48.5
1590883201;DEPOSIT;ATOM;48
1590969601;WITHDRAWAL;ATOM;47.5
1591056001;DEPOSIT;BTC;49
1591142401;WITHDRAWAL;BTC;48.5
1591228801;DEPOSIT;XRP;49
1591315201;WITHDRAWAL;XRP;48.5
1591401601;DEPOSIT;ETH;49
1591488001;WITHDRAWAL;ETH;48.5
1591574401;DEPOSIT;USDT;50
1591660801;WITHDRAWAL;USDT;49.5
1591747201;DEPOSIT;BNB;50
1591833601;WITHDRAWAL;BNB;49.5
1591920001;DEPOSIT;USDC;50
1592006401;WITHDRAWAL;USDC;49.5
1592092801;DEPOSIT;BUSD;51
1592179201;WITHDRAWAL;BUSD;50.5
1592265601;DEPOSIT;DOGE;51
1592352001;WITHDRAWAL;DOGE;50.5
1592438401;DEPOSIT;MATIC;51
1592524801;WITHDRAWAL;MATIC;50.5
1592611201;DEPOSIT;SOL;52
1592697601;WITHDRAWAL;SOL;51.5
1592784001;DEPOSIT;DOT;51
1592870401;WITHDRAWAL;DOT;50.5
1592956801;DEPOSIT;LTC;50
1593043201;WITHDRAWAL;LTC;49.5
1593129601;DEPOSIT;ATOM;49
1593216001;WITHDRAWAL;ATOM;48.5
1593302401;DEPOSIT;BTC;50
1593388801;WITHDRAWAL;BTC;49.5
1593475201;DEPOSIT;XRP;50
1593561601;WITHDRAWAL;XRP;49.5
1593648001;DEPOSIT;ETH;50
1593734401;WITHDRAWAL;ETH;49.5
1593820801;DEPOSIT;USDT;51
1593907201;WITHDRAWAL;USDT;50.5
1593993601;DEPOSIT;BNB;51
1594080001;WITHDRAWAL;BNB;50.5
1594166401;DEPOSIT;USDC;51
1594252801;WITHDRAWAL;USDC;50.5
1594339201;DEPOSIT;BUSD;52
1594425601;WITHDRAWAL;BUSD;51.5
1594512001;DEPOSIT;DOGE;52
1594598401;WITHDRAWAL;DOGE;51.5
1594684801;DEPOSIT;MATIC;52
1594771201;WITHDRAWAL;MATIC;51.5
1594857601;DEPOSIT;SOL;53
1594944001;WITHDRAWAL;SOL;52.5
1595030401;DEPOSIT;DOT;52
1595116801;WITHDRAWAL;DOT;51.5
1595203201;DEPOSIT;LTC;51
1595289601;WITHDRAWAL;LTC;50.5
1595376001;DEPOSIT;ATOM;50
1595462401;WITHDRAWAL;ATOM;49.5
1595548801;DEPOSIT;BTC;51
1595635201;WITHDRAWAL;BTC;50.5
1595721601;DEPOSIT;XRP;51
1595808001;WITHDRAWAL;XRP;50.5
1595894401;DEPOSIT;ETH;51
1595980801;WITHDRAWAL;ETH;50.5
1596067201;DEPOSIT;USDT;52
1596153601;WITHDRAWAL;USDT;51.5
1596240001;DEPOSIT;BNB;52
1596326401;WITHDRAWAL;BNB;51.5
1596412801;DEPOSIT;USDC;52
1596499201;WITHDRAWAL;USDC;51.5
1596585601;DEPOSIT;BUSD;53
1596672001;WITHDRAWAL;BUSD;52.5
1596758401;DEPOSIT;DOGE;53
1596844801;WITHDRAWAL;DOGE;52.5
1596931201;DEPOSIT;MATIC;53
1597017601;WITHDRAWAL;MATIC;52.5
1597104001;DEPOSIT;SOL;54
1597190401;WITHDRAWAL;SOL;53.5
1597276801;DEPOSIT;DOT;53
1597363201;WITHDRAWAL;DOT;52.5
1597449601;DEPOSIT;LTC;52
1597536001;WITHDRAWAL;LTC;51.5
1597622401;DEPOSIT;ATOM;51
1597708801;WITHDRAWAL;ATOM;50.5
1597795201;DEPOSIT;BTC;52
1597881601;WITHDRAWAL;BTC;51.5
1597968001;DEPOSIT;XRP;52
1598054401;WITHDRAWAL;XRP;51.5
1598140801;DEPOSIT;ETH;52
1598227201;WITHDRAWAL;ETH;51.5
1598313601;DEPOSIT;USDT;53
1598400001;WITHDRAWAL;USDT;52.5
1598486401;DEPOSIT;BNB;53
1598572801;WITHDRAWAL;BNB;52.5
1598659201;DEPOSIT;USDC;53
1598745601;WITHDRAWAL;USDC;52.5
1598832001;DEPOSIT;BUSD;54
1598918401;WITHDRAWAL;BUSD;53.5
1599004801;DEPOSIT;DOGE;54
1599091201;WITHDRAWAL;DOGE;53.5
1599177601;DEPOSIT;MATIC;54
1599264001;WITHDRAWAL;MATIC;53.5
1599350401;DEPOSIT;SOL;55
1599436801;WITHDRAWAL;SOL;54.5
1599523201;DEPOSIT;DOT;54
1599609601;WITHDRAWAL;DOT;53.5
1599696001;DEPOSIT;LTC;53
1599782401;WITHDRAWAL;LTC;52.5
1599868801;DEPOSIT;ATOM;52
1599955201;WITHDRAWAL;ATOM;51.5
1600041601;DEPOSIT;BTC;53
1600128001;WITHDRAWAL;BTC;52.5
1600214401;DEPOSIT;XRP;53
1600300801;WITHDRAWAL;XRP;52.5
1600387201;DEPOSIT;ETH;53
1600473601;WITHDRAWAL;ETH;52.5
1600560001;DEPOSIT;USDT;54
1600646401;WITHDRAWAL;USDT;53.5
1600732801;DEPOSIT;BNB;54
1600819201;WITHDRAWAL;BNB;53.5
1600905601;DEPOSIT;USDC;54
1600992001;WITHDRAWAL;USDC;53.5
1601078401;DEPOSIT;BUSD;55
1601164801;WITHDRAWAL;BUSD;54.5
1601251201;DEPOSIT;DOGE;55
1601337601;WITHDRAWAL;DOGE;54.5
1601424001;DEPOSIT;MATIC;55
1601510401;WITHDRAWAL;MATIC;54.5
1601596801;DEPOSIT;SOL;56
1601683201;WITHDRAWAL;SOL;55.5
1601769601;DEPOSIT;DOT;55
1601856001;WITHDRAWAL;DOT;54.5
1601942401;DEPOSIT;LTC;54
1602028801;WITHDRAWAL;LTC;53.5
1602115201;DEPOSIT;ATOM;53
1602201601;WITHDRAWAL;ATOM;52.5
1602288001;DEPOSIT;BTC;54
1602374401;WITHDRAWAL;BTC;53.5
1602460801;DEPOSIT;XRP;54
1602547201;WITHDRAWAL;XRP;53.5
1602633601;DEPOSIT;ETH;54
1602720001;WITHDRAWAL;ETH;53.5
1602806401;DEPOSIT;USDT;55
1602892801;WITHDRAWAL;USDT;54.5
1602979201;DEPOSIT;BNB;55
1603065601;WITHDRAWAL;BNB;54.5
1603152001;DEPOSIT;USDC;55
1603238401;WITHDRAWAL;USDC;54.5
1603324801;DEPOSIT;BUSD;56
1603411201;WITHDRAWAL;BUSD;55.5
1603497601;DEPOSIT;DOGE;56
1603584001;WITHDRAWAL;DOGE;55.5
1603670401;DEPOSIT;MATIC;56
1603756801;WITHDRAWAL;MATIC;55.5
1603843201;DEPOSIT;SOL;57
1603929601;WITHDRAWAL;SOL;56.5
1604016001;DEPOSIT;DOT;56
1604102401;WITHDRAWAL;DOT;55.5
1604188801;DEPOSIT;LTC;55
1604275201;WITHDRAWAL;LTC;54.5
1604361601;DEPOSIT;ATOM;54
1604448001;WITHDRAWAL;ATOM;53.5
1604534401;DEPOSIT;BTC;55
1604620801;WITHDRAWAL;BTC;54.5
1604707201;DEPOSIT;XRP;55
1604793601;WITHDRAWAL;XRP;54.5
1604880001;DEPOSIT;ETH;55
1604966401;WITHDRAWAL;ETH;54.5
1605052801;DEPOSIT;USDT;56
1605139201;WITHDRAWAL;USDT;55.5
1605225601;DEPOSIT;BNB;56
1605312001;WITHDRAWAL;BNB;55.5
1605398401;DEPOSIT;USDC;56
1605484801;WITHDRAWAL;USDC;55.5
1605571201;DEPOSIT;BUSD;57
1605657601;WITHDRAWAL;BUSD;56.5
1605744001;DEPOSIT;DOGE;57
1605830401;WITHDRAWAL;DOGE;56.5
1605916801;DEPOSIT;MATIC;57
1606003201;WITHDRAWAL;MATIC;56.5
1606089601;DEPOSIT;SOL;58
1606176001;WITHDRAWAL;SOL;57.5
1606262401;DEPOSIT;DOT;57
1606348801;WITHDRAWAL;DOT;56.5
1606435201;DEPOSIT;LTC;56
1606521601;WITHDRAWAL;LTC;55.5
1606608001;DEPOSIT;ATOM;55
1606694401;WITHDRAWAL;ATOM;54.5
1606780801;DEPOSIT;BTC;56
1606867201;WITHDRAWAL;BTC;55.5
1606953601;DEPOSIT;XRP;56
1607040001;WITHDRAWAL;XRP;55.5
1607126401;DEPOSIT;ETH;56
1607212801;WITHDRAWAL;ETH;55.5
1607299201;DEPOSIT;USDT;57
1607385601;WITHDRAWAL;USDT;56.5
1607472001;DEPOSIT;BNB;57
1607558401;WITHDRAWAL;BNB;56.5
1607644801;DEPOSIT;USDC;57
1607731201;WITHDRAWAL;USDC;56.5
1607817601;DEPOSIT;BUSD;58
1607904001;WITHDRAWAL;BUSD;57.5
1607990401;DEPOSIT;DOGE;58
1608076801;WITHDRAWAL;DOGE;57.5
1608163201;DEPOSIT;MATIC;58
1608249601;WITHDRAWAL;MATIC;57.5
1608336001;DEPOSIT;SOL;59
1608422401;WITHDRAWAL;SOL;58.5
1608508801;DEPOSIT;DOT;58
1608595201;WITHDRAWAL;DOT;57.5
1608681601;DEPOSIT;LTC;57
1608768001;WITHDRAWAL;LTC;56.5
1608854401;DEPOSIT;ATOM;56
1608940801;WITHDRAWAL;ATOM;55.5
1609027201;DEPOSIT;BTC;57
1609113601;WITHDRAWAL;BTC;56.5
1609200001;DEPOSIT;XRP;57
1609286401;WITHDRAWAL;XRP;56.5
1609372801;DEPOSIT;ETH;57
1609459201;WITHDRAWAL;ETH;56.5
1609545601;DEPOSIT;USDT;58
1609632001;WITHDRAWAL;USDT;57.5
1609718401;DEPOSIT;BNB;58
1609804801;WITHDRAWAL;BNB;57.5
1609891201;DEPOSIT;USDC;58
1609977601;WITHDRAWAL;USDC;57.5
1610064001;DEPOSIT;BUSD;59
1610150401;WITHDRAWAL;BUSD;58.5
1610236801;DEPOSIT;DOGE;59
1610323201;WITHDRAWAL;DOGE;58.5
1610409601;DEPOSIT;MATIC;59
1610496001;WITHDRAWAL;MATIC;58.5
1610582401;DEPOSIT;SOL;60
1610668801;WITHDRAWAL;SOL;59.5
1610755201;DEPOSIT;DOT;59
1610841601;WITHDRAWAL;DOT;58.5
1610928001;DEPOSIT;LTC;58
1611014401;WITHDRAWAL;LTC;57.5
1611100801;DEPOSIT;ATOM;57
1611187201;WITHDRAWAL;ATOM;56.5
1611273601;DEPOSIT;BTC;58
1611360001;WITHDRAWAL;BTC;57.5
1611446401;DEPOSIT;XRP;58
1611532801;WITHDRAWAL;XRP;57.5
1611619201;DEPOSIT;ETH;58
1611705601;WITHDRAWAL;ETH;57.5
1611792001;DEPOSIT;USDT;59
1611878401;WITHDRAWAL;USDT;58.5
1611964801;DEPOSIT;BNB;59
1612051201;WITHDRAWAL;BNB;58.5
1612137601;DEPOSIT;USDC;59
1612224001;WITHDRAWAL;USDC;58.5
1612310401;DEPOSIT;BUSD;60
1612396801;WITHDRAWAL;BUSD;59.5
1612483201;DEPOSIT;DOGE;60
1612569601;WITHDRAWAL;DOGE;59.5
1612656001;DEPOSIT;MATIC;60
1612742401;WITHDRAWAL;MATIC;59.5
1612828801;DEPOSIT;SOL;61
1612915201;WITHDRAWAL;SOL;60.5
1613001601;DEPOSIT;DOT;60
1613088001;WITHDRAWAL;DOT;59.5
1613174401;DEPOSIT;LTC;59
1613260801;WITHDRAWAL;LTC;58.5
1613347201;DEPOSIT;ATOM;58
1613433601;WITHDRAWAL;ATOM;57.5
1613520001;DEPOSIT;BTC;59
1613606401;WITHDRAWAL;BTC;58.5
1613692801;DEPOSIT;XRP;59
1613779201;WITHDRAWAL;XRP;58.5
1613865601;DEPOSIT;ETH;59
1613952001;WITHDRAWAL;ETH;58.5
1614038401;DEPOSIT;USDT;60
1614124801;WITHDRAWAL;USDT;59.5
1614211201;DEPOSIT;BNB;60
1614297601;WITHDRAWAL;BNB;59.5
1614384001;DEPOSIT;USDC;60
1614470401;WITHDRAWAL;USDC;59.5
1614556801;DEPOSIT;BUSD;61
1614643201;WITHDRAWAL;BUSD;60.5
1614729601;DEPOSIT;DOGE;61
1614816001;WITHDRAWAL;DOGE;60.5
1614902401;DEPOSIT;MATIC;61
1614988801;WITHDRAWAL;MATIC;60.5
1615075201;DEPOSIT;SOL;62
1615161601;WITHDRAWAL;SOL;61.5
1615248001;DEPOSIT;DOT;61
1615334401;WITHDRAWAL;DOT;60.5
1615420801;DEPOSIT;LTC;60
1615507201;WITHDRAWAL;LTC;59.5
1615593601;DEPOSIT;ATOM;59
1615680001;WITHDRAWAL;ATOM;58.5
1615766401;DEPOSIT;BTC;60
1615852801;WITHDRAWAL;BTC;59.5
1615939201;DEPOSIT;XRP;60
1616025601;WITHDRAWAL;XRP;59.5
1616112001;DEPOSIT;ETH;60
1616198401;WITHDRAWAL;ETH;59.5
1616284801;DEPOSIT;USDT;61
1616371201;WITHDRAWAL;USDT;60.5
1616457601;DEPOSIT;BNB;61
1616544001;WITHDRAWAL;BNB;60.5
1616630401;DEPOSIT;USDC;61
1616716801;WITHDRAWAL;USDC;60.5
1616803201;DEPOSIT;BUSD;62
1616889601;WITHDRAWAL;BUSD;61.5
1616976001;DEPOSIT;DOGE;62
1617062401;WITHDRAWAL;DOGE;61.5
1617148801;DEPOSIT;MATIC;62
1617235201;WITHDRAWAL;MATIC;61.5
1617321601;DEPOSIT;SOL;63
1617408001;WITHDRAWAL;SOL;62.5
1617494401;DEPOSIT;DOT;62
1617580801;WITHDRAWAL;DOT;61.5
1617667201;DEPOSIT;LTC;61
1617753601;WITHDRAWAL;LTC;60.5
1617840001;DEPOSIT;ATOM;60
1617926401;WITHDRAWAL;ATOM;59.5
1618012801;DEPOSIT;BTC;61
1618099201;WITHDRAWAL;BTC;60.5
1618185601;DEPOSIT;XRP;61
1618272001;WITHDRAWAL;XRP;60.5
1618358401;DEPOSIT;ETH;61
1618444801;WITHDRAWAL;ETH;60.5
1618531201;DEPOSIT;USDT;62
1618617601;WITHDRAWAL;USDT;61.5
1618704001;DEPOSIT;BNB;62
1618790401;WITHDRAWAL;BNB;61.5
1618876801;DEPOSIT;USDC;62
1618963201;WITHDRAWAL;USDC;61.5
1619049601;DEPOSIT;BUSD;63
1619136001;WITHDRAWAL;BUSD;62.5
1619222401;DEPOSIT;DOGE;63
1619308801;WITHDRAWAL;DOGE;62.5
1619395201;DEPOSIT;MATIC;63
1619481601;WITHDRAWAL;MATIC;62.5
1619568001;DEPOSIT;SOL;64
1619654401;WITHDRAWAL;SOL;63.5
1619740801;DEPOSIT;DOT;63
1619827201;WITHDRAWAL;DOT;62.5
1619913601;DEPOSIT;LTC;62
1620000001;WITHDRAWAL;LTC;61.5
1620086401;DEPOSIT;ATOM;61
1620172801;WITHDRAWAL;ATOM;60.5
1620259201;DEPOSIT;BTC;62
1620345601;WITHDRAWAL;BTC;61.5
1620432001;DEPOSIT;XRP;62
1620518401;WITHDRAWAL;XRP;61.5
1620604801;DEPOSIT;ETH;62
1620691201;WITHDRAWAL;ETH;61.5
1620777601;DEPOSIT;USDT;63
1620864001;WITHDRAWAL;USDT;62.5
1620950401;DEPOSIT;BNB;63
1621036801;WITHDRAWAL;BNB;62.5
1621123201;DEPOSIT;USDC;63
1621209601;WITHDRAWAL;USDC;62.5
1621296001;DEPOSIT;BUSD;64
1621382401;WITHDRAWAL;BUSD;63.5
1621468801;DEPOSIT;DOGE;64
1621555201;WITHDRAWAL;DOGE;63.5
1621641601;DEPOSIT;MATIC;64
1621728001;WITHDRAWAL;MATIC;63.5
1621814401;DEPOSIT;SOL;65
1621900801;WITHDRAWAL;SOL;64.5
1621987201;DEPOSIT;DOT;64
1622073601;WITHDRAWAL;DOT;63.5
1622160001;DEPOSIT;LTC;63
1622246401;WITHDRAWAL;LTC;62.5
1622332801;DEPOSIT;ATOM;62
1622419201;WITHDRAWAL;ATOM;61.5
1622505601;DEPOSIT;BTC;63
1622592001;WITHDRAWAL;BTC;62.5
1622678401;DEPOSIT;XRP;63
1622764801;WITHDRAWAL;XRP;62.5
1622851201;DEPOSIT;ETH;63
1622937601;WITHDRAWAL;ETH;62.5
1623024001;DEPOSIT;USDT;64
1623110401;WITHDRAWAL;USDT;63.5
1623196801;DEPOSIT;BNB;64
1623283201;WITHDRAWAL;BNB;63.5
1623369601;DEPOSIT;USDC;64
1623456001;WITHDRAWAL;USDC;63.5
1623542401;DEPOSIT;BUSD;65
1623628801;WITHDRAWAL;BUSD;64.5
1623715201;DEPOSIT;DOGE;65
1623801601;WITHDRAWAL;DOGE;64.5
1623888001;DEPOSIT;MATIC;65
1623974401;WITHDRAWAL;MATIC;64.5
1624060801;DEPOSIT;SOL;66
1624147201;WITHDRAWAL;SOL;65.5
1624233601;DEPOSIT;DOT;65
1624320001;WITHDRAWAL;DOT;64.5
1624406401;DEPOSIT;LTC;64
1624492801;WITHDRAWAL;LTC;63.5
1624579201;DEPOSIT;ATOM;63
1624665601;WITHDRAWAL;ATOM;62.5
1624752001;DEPOSIT;BTC;64
1624838401;WITHDRAWAL;BTC;63.5
1624924801;DEPOSIT;XRP;64
1625011201;WITHDRAWAL;XRP;63.5
1625097601;DEPOSIT;ETH;64
1625184001;WITHDRAWAL;ETH;63.5
1625270401;DEPOSIT;USDT;65
1625356801;WITHDRAWAL;USDT;64.5
1625443201;DEPOSIT;BNB;65
1625529601;WITHDRAWAL;BNB;64.5
1625616001;DEPOSIT;USDC;65
1625702401;WITHDRAWAL;USDC;64.5
1625788801;DEPOSIT;BUSD;66
1625875201;WITHDRAWAL;BUSD;65.5
1625961601;DEPOSIT;DOGE;66
1626048001;WITHDRAWAL;DOGE;65.5
1626134401;DEPOSIT;MATIC;66
1626220801;WITHDRAWAL;MATIC;65.5
1626307201;DEPOSIT;SOL;67
1626393601;WITHDRAWAL;SOL;66.5
1626480001;DEPOSIT;DOT;66
1626566401;WITHDRAWAL;DOT;65.5
1626652801;DEPOSIT;LTC;65
1626739201;WITHDRAWAL;LTC;64.5
1626825601;DEPOSIT;ATOM;64
1626912001;WITHDRAWAL;ATOM;63.5
1626998401;DEPOSIT;BTC;65
1627084801;WITHDRAWAL;BTC;64.5
1627171201;DEPOSIT;XRP;65
1627257601;WITHDRAWAL;XRP;64.5
1627344001;DEPOSIT;ETH;65
1627430401;WITHDRAWAL;ETH;64.5
1627516801;DEPOSIT;USDT;66
1627603201;WITHDRAWAL;USDT;65.5
1627689601;DEPOSIT;BNB;66
1627776001;WITHDRAWAL;BNB;65.5
1627862401;DEPOSIT;USDC;66
1627948801;WITHDRAWAL;USDC;65.5
1628035201;DEPOSIT;BUSD;67
1628121601;WITHDRAWAL;BUSD;66.5
1628208001;DEPOSIT;DOGE;67
1628294401;WITHDRAWAL;DOGE;66.5
1628380801;DEPOSIT;MATIC;67
1628467201;WITHDRAWAL;MATIC;66.5
1628553601;DEPOSIT;SOL;68
1628640001;WITHDRAWAL;SOL;67.5
1628726401;DEPOSIT;DOT;67
1628812801;WITHDRAWAL;DOT;66.5
1628899201;DEPOSIT;LTC;66
1628985601;WITHDRAWAL;LTC;65.5
1629072001;DEPOSIT;ATOM;65
1629158401;WITHDRAWAL;ATOM;64.5
1629244801;DEPOSIT;BTC;66
1629331201;WITHDRAWAL;BTC;65.5
1629417601;DEPOSIT;XRP;66
1629504001;WITHDRAWAL;XRP;65.5
1629590401;DEPOSIT;ETH;66
1629676801;WITHDRAWAL;ETH;65.5
1629763201;DEPOSIT;USDT;67
1629849601;WITHDRAWAL;USDT;66.5
1629936001;DEPOSIT;BNB;67
1630022401;WITHDRAWAL;BNB;66.5
1630108801;DEPOSIT;USDC;67
1630195201;WITHDRAWAL;USDC;66.5
1630281601;DEPOSIT;BUSD;68
1630368001;WITHDRAWAL;BUSD;67.5
1630454401;DEPOSIT;DOGE;68
1630540801;WITHDRAWAL;DOGE;67.5
1630627201;DEPOSIT;MATIC;68
1630713601;WITHDRAWAL;MATIC;67.5
1630800001;DEPOSIT;SOL;69
1630886401;WITHDRAWAL;SOL;68.5
1630972801;DEPOSIT;DOT;68
1631059201;WITHDRAWAL;DOT;67.5
1631145601;DEPOSIT;LTC;67
1631232001;WITHDRAWAL;LTC;66.5
1631318401;DEPOSIT;ATOM;66
1631404801;WITHDRAWAL;ATOM;65.5
1631491201;DEPOSIT;BTC;67
1631577601;WITHDRAWAL;BTC;66.5
1631664001;DEPOSIT;XRP;67
1631750401;WITHDRAWAL;XRP;66.5
1631836801;DEPOSIT;ETH;67
1631923201;WITHDRAWAL;ETH;66.5
1632009601;DEPOSIT;USDT;68
1632096001;WITHDRAWAL;USDT;67.5
1632182401;DEPOSIT;BNB;68
1632268801;WITHDRAWAL;BNB;67.5
1632355201;DEPOSIT;USDC;68
1632441601;WITHDRAWAL;USDC;67.5
1632528001;DEPOSIT;BUSD;69
1632614401;WITHDRAWAL;BUSD;68.5
1632700801;DEPOSIT;DOGE;69
1632787201;WITHDRAWAL;DOGE;68.5
1632873601;DEPOSIT;MATIC;69
1632960001;WITHDRAWAL;MATIC;68.5
1633046401;DEPOSIT;SOL;70
1633132801;WITHDRAWAL;SOL;69.5
1633219201;DEPOSIT;DOT;69
1633305601;WITHDRAWAL;DOT;68.5
1633392001;DEPOSIT;LTC;68
1633478401;WITHDRAWAL;LTC;67.5
1633564801;DEPOSIT;ATOM;67
1633651201;WITHDRAWAL;ATOM;66.5
1633737601;DEPOSIT;BTC;68
1633824001;WITHDRAWAL;BTC;67.5
1633910401;DEPOSIT;XRP;68
1633996801;WITHDRAWAL;XRP;67.5
1634083201;DEPOSIT;ETH;68
1634169601;WITHDRAWAL;ETH;67.5
1634256001;DEPOSIT;USDT;69
1634342401;WITHDRAWAL;USDT;68.5
1634428801;DEPOSIT;BNB;69
1634515201;WITHDRAWAL;BNB;68.5
1634601601;DEPOSIT;USDC;69
1634688001;WITHDRAWAL;USDC;68.5
1634774401;DEPOSIT;BUSD;70
1634860801;WITHDRAWAL;BUSD;69.5
1634947201;DEPOSIT;DOGE;70
1635033601;WITHDRAWAL;DOGE;69.5
1635120001;DEPOSIT;MATIC;70
1635206401;WITHDRAWAL;MATIC;69.5
1635292801;DEPOSIT;SOL;71
1635379201;WITHDRAWAL;SOL;70.5
1635465601;DEPOSIT;DOT;70
1635552001;WITHDRAWAL;DOT;69.5
1635638401;DEPOSIT;LTC;69
1635724801;WITHDRAWAL;LTC;68.5
1635811201;DEPOSIT;ATOM;68
1635897601;WITHDRAWAL;ATOM;67.5
1635984001;DEPOSIT;BTC;69
1636070401;WITHDRAWAL;BTC;68.5
1636156801;DEPOSIT;XRP;69
1636243201;WITHDRAWAL;XRP;68.5
1636329601;DEPOSIT;ETH;69
1636416001;WITHDRAWAL;ETH;68.5
1636502401;DEPOSIT;USDT;70
1636588801;WITHDRAWAL;USDT;69.5
1636675201;DEPOSIT;BNB;70
1636761601;WITHDRAWAL;BNB;69.5
1636848001;DEPOSIT;USDC;70
1636934401;WITHDRAWAL;USDC;69.5
1637020801;DEPOSIT;BUSD;71
1637107201;WITHDRAWAL;BUSD;70.5
1637193601;DEPOSIT;DOGE;71
1637280001;WITHDRAWAL;DOGE;70.5
1637366401;DEPOSIT;MATIC;71
1637452801;WITHDRAWAL;MATIC;70.5
1637539201;DEPOSIT;SOL;72
1637625601;WITHDRAWAL;SOL;71.5
1637712001;DEPOSIT;DOT;71
1637798401;WITHDRAWAL;DOT;70.5
1637884801;DEPOSIT;LTC;70
1637971201;WITHDRAWAL;LTC;69.5
1638057601;DEPOSIT;ATOM;69
1638144001;WITHDRAWAL;ATOM;68.5
1638230401;DEPOSIT;BTC;70
1638316801;WITHDRAWAL;BTC;69.5
1638403201;DEPOSIT;XRP;70
1638489601;WITHDRAWAL;XRP;69.5
1638576001;DEPOSIT;ETH;70
1638662401;WITHDRAWAL;ETH;69.5
1638748801;DEPOSIT;USDT;71
1638835201;WITHDRAWAL;USDT;70.5
1638921601;DEPOSIT;BNB;71
1639008001;WITHDRAWAL;BNB;70.5
1639094401;DEPOSIT;USDC;71
1639180801;WITHDRAWAL;USDC;70.5
1639267201;DEPOSIT;BUSD;72
1639353601;WITHDRAWAL;BUSD;71.5
1639440001;DEPOSIT;DOGE;72
1639526401;WITHDRAWAL;DOGE;71.5
1639612801;DEPOSIT;MATIC;72
1639699201;WITHDRAWAL;MATIC;71.5
1639785601;DEPOSIT;SOL;73
1639872001;WITHDRAWAL;SOL;72.5
1639958401;DEPOSIT;DOT;72
1640044801;WITHDRAWAL;DOT;71.5
1640131201;DEPOSIT;LTC;71
1640217601;WITHDRAWAL;LTC;70.5
1640304001;DEPOSIT;ATOM;70
1640390401;WITHDRAWAL;ATOM;69.5
1640476801;DEPOSIT;BTC;71
1640563201;WITHDRAWAL;BTC;70.5
1640649601;DEPOSIT;XRP;71
1640736001;WITHDRAWAL;XRP;70.5
1640822401;DEPOSIT;ETH;71
1640908801;WITHDRAWAL;ETH;70.5
1640995201;DEPOSIT;USDT;72
1641081601;WITHDRAWAL;USDT;71.5
1641168001;DEPOSIT;BNB;72
1641254401;WITHDRAWAL;BNB;71.5
1641340801;DEPOSIT;USDC;72
1641427201;WITHDRAWAL;USDC;71.5
1641513601;DEPOSIT;BUSD;73
1641600001;WITHDRAWAL;BUSD;72.5
1641686401;DEPOSIT;DOGE;73
1641772801;WITHDRAWAL;DOGE;72.5
1641859201;DEPOSIT;MATIC;73
1641945601;WITHDRAWAL;MATIC;72.5
1642032001;DEPOSIT;SOL;74
1642118401;WITHDRAWAL;SOL;73.5
1642204801;DEPOSIT;DOT;73
1642291201;WITHDRAWAL;DOT;72.5
1642377601;DEPOSIT;LTC;72
1642464001;WITHDRAWAL;LTC;71.5
1642550401;DEPOSIT;ATOM;71
1642636801;WITHDRAWAL;ATOM;70.5
1642723201;DEPOSIT;BTC;72
1642809601;WITHDRAWAL;BTC;71.5
1642896001;DEPOSIT;XRP;72
1642982401;WITHDRAWAL;XRP;71.5
1643068801;DEPOSIT;ETH;72
1643155201;WITHDRAWAL;ETH;71.5
1643241601;DEPOSIT;USDT;73
1643328001;WITHDRAWAL;USDT;72.5
1643414401;DEPOSIT;BNB;73
1643500801;WITHDRAWAL;BNB;72.5
1643587201;DEPOSIT;USDC;73
1643673601;WITHDRAWAL;USDC;72.5
1643760001;DEPOSIT;BUSD;74
1643846401;WITHDRAWAL;BUSD;73.5
1643932801;DEPOSIT;DOGE;74
1644019201;WITHDRAWAL;DOGE;73.5
1644105601;DEPOSIT;MATIC;74
1644192001;WITHDRAWAL;MATIC;73.5
1644278401;DEPOSIT;SOL;75
1644364801;WITHDRAWAL;SOL;74.5
1644451201;DEPOSIT;DOT;74
1644537601;WITHDRAWAL;DOT;73.5
1644624001;DEPOSIT;LTC;73
1644710401;WITHDRAWAL;LTC;72.5
1644796801;DEPOSIT;ATOM;72
1644883201;WITHDRAWAL;ATOM;71.5
1644969601;DEPOSIT;BTC;73
1645056001;WITHDRAWAL;BTC;72.5
1645142401;DEPOSIT;XRP;73
1645228801;WITHDRAWAL;XRP;72.5
1645315201;DEPOSIT;ETH;73
1645401601;WITHDRAWAL;ETH;72.5
1645488001;DEPOSIT;USDT;74
1645574401;WITHDRAWAL;USDT;73.5
1645660801;DEPOSIT;BNB;74
1645747201;WITHDRAWAL;BNB;73.5
1645833601;DEPOSIT;USDC;74
1645920001;WITHDRAWAL;USDC;73.5
1646006401;DEPOSIT;BUSD;75
1646092801;WITHDRAWAL;BUSD;74.5
1646179201;DEPOSIT;DOGE;75
1646265601;WITHDRAWAL;DOGE;74.5
1646352001;DEPOSIT;MATIC;75
1646438401;WITHDRAWAL;MATIC;74.5
1646524801;DEPOSIT;SOL;76
1646611201;WITHDRAWAL;SOL;75.5
1646697601;DEPOSIT;DOT;75
1646784001;WITHDRAWAL;DOT;74.5
1646870401;DEPOSIT;LTC;74
1646956801;WITHDRAWAL;LTC;73.5
1647043201;DEPOSIT;ATOM;73
1647129601;WITHDRAWAL;ATOM;72.5
1647216001;DEPOSIT;BTC;74
1647302401;WITHDRAWAL;BTC;73.5
1647388801;DEPOSIT;XRP;74
1647475201;WITHDRAWAL;XRP;73.5
1647561601;DEPOSIT;ETH;74
1647648001;WITHDRAWAL;ETH;73.5
1647734401;DEPOSIT;USDT;75
1647820801;WITHDRAWAL;USDT;74.5
1647907201;DEPOSIT;BNB;75
1647993601;WITHDRAWAL;BNB;74.5
1648080001;DEPOSIT;USDC;75
1648166401;WITHDRAWAL;USDC;74.5
1648252801;DEPOSIT;BUSD;76
1648339201;WITHDRAWAL;BUSD;75.5
1648425601;DEPOSIT;DOGE;76
1648512001;WITHDRAWAL;DOGE;75.5
1648598401;DEPOSIT;MATIC;76
1648684801;WITHDRAWAL;MATIC;75.5
1648771201;DEPOSIT;SOL;77
1648857601;WITHDRAWAL;SOL;76.5
1648944001;DEPOSIT;DOT;76
1649030401;WITHDRAWAL;DOT;75.5
1649116801;DEPOSIT;LTC;75
1649203201;WITHDRAWAL;LTC;74.5
1649289601;DEPOSIT;ATOM;74
1649376001;WITHDRAWAL;ATOM;73.5
1649462401;DEPOSIT;BTC;75
1649548801;WITHDRAWAL;BTC;74.5
1649635201;DEPOSIT;XRP;75
1649721601;WITHDRAWAL;XRP;74.5
1649808001;DEPOSIT;ETH;75
1649894401;WITHDRAWAL;ETH;74.5
1649980801;DEPOSIT;USDT;76
1650067201;WITHDRAWAL;USDT;75.5
1650153601;DEPOSIT;BNB;76
1650240001;WITHDRAWAL;BNB;75.5
1650326401;DEPOSIT;USDC;76
1650412801;WITHDRAWAL;USDC;75.5
1650499201;DEPOSIT;BUSD;77
1650585601;WITHDRAWAL;BUSD;76.5
1650672001;DEPOSIT;DOGE;77
1650758401;WITHDRAWAL;DOGE;76.5
1650844801;DEPOSIT;MATIC;77
1650931201;WITHDRAWAL;MATIC;76.5
1651017601;DEPOSIT;SOL;78
1651104001;WITHDRAWAL;SOL;77.5
1651190401;DEPOSIT;DOT;77
1651276801;WITHDRAWAL;DOT;76.5
1651363201;DEPOSIT;LTC;76
1651449601;WITHDRAWAL;LTC;75.5
1651536001;DEPOSIT;ATOM;75
1651622401;WITHDRAWAL;ATOM;74.5
1651708801;DEPOSIT;BTC;76
1651795201;WITHDRAWAL;BTC;75.5
1651881601;DEPOSIT;XRP;76
1651968001;WITHDRAWAL;XRP;75.5
1652054401;DEPOSIT;ETH;76
1652140801;WITHDRAWAL;ETH;75.5
1652227201;DEPOSIT;USDT;77
1652313601;WITHDRAWAL;USDT;76.5
1652400001;DEPOSIT;BNB;77
1652486401;WITHDRAWAL;BNB;76.5
1652572801;DEPOSIT;USDC;77
1652659201;WITHDRAWAL;USDC;76.5
1652745601;DEPOSIT;BUSD;78
1652832001;WITHDRAWAL;BUSD;77.5
1652918401;DEPOSIT;DOGE;78
1653004801;WITHDRAWAL;DOGE;77.5
1653091201;DEPOSIT;MATIC;78
1653177601;WITHDRAWAL;MATIC;77.5
1653264001;DEPOSIT;SOL;79
1653350401;WITHDRAWAL;SOL;78.5
1653436801;DEPOSIT;DOT;78
1653523201;WITHDRAWAL;DOT;77.5
1653609601;DEPOSIT;LTC;77
1653696001;WITHDRAWAL;LTC;76.5
1653782401;DEPOSIT;ATOM;76
1653868801;WITHDRAWAL;ATOM;75.5
1653955201;DEPOSIT;BTC;77
1654041601;WITHDRAWAL;BTC;76.5
1654128001;DEPOSIT;XRP;77
1654214401;WITHDRAWAL;XRP;76.5
1654300801;DEPOSIT;ETH;77
1654387201;WITHDRAWAL;ETH;76.5
1654473601;DEPOSIT;USDT;78
1654560001;WITHDRAWAL;USDT;77.5
1654646401;DEPOSIT;BNB;78
1654732801;WITHDRAWAL;BNB;77.5
1654819201;DEPOSIT;USDC;78
1654905601;WITHDRAWAL;USDC;77.5
1654992001;DEPOSIT;BUSD;79
1655078401;WITHDRAWAL;BUSD;78.5
1655164801;DEPOSIT;DOGE;79
1655251201;WITHDRAWAL;DOGE;78.5
1655337601;DEPOSIT;MATIC;79
1655424001;WITHDRAWAL;MATIC;78.5
1655510401;DEPOSIT;SOL;80
1655596801;WITHDRAWAL;SOL;79.5
1655683201;DEPOSIT;DOT;79
1655769601;WITHDRAWAL;DOT;78.5
1655856001;DEPOSIT;LTC;78
1655942401;WITHDRAWAL;LTC;77.5
1656028801;DEPOSIT;ATOM;77
1656115201;WITHDRAWAL;ATOM;76.5
1656201601;DEPOSIT;BTC;78
1656288001;WITHDRAWAL;BTC;77.5
1656374401;DEPOSIT;XRP;78
1656460801;WITHDRAWAL;XRP;77.5
1656547201;DEPOSIT;ETH;78
1656633601;WITHDRAWAL;ETH;77.5
1656720001;DEPOSIT;USDT;79
1656806401;WITHDRAWAL;USDT;78.5
1656892801;DEPOSIT;BNB;79
1656979201;WITHDRAWAL;BNB;78.5
1657065601;DEPOSIT;USDC;79
1657152001;WITHDRAWAL;USDC;78.5
1657238401;DEPOSIT;BUSD;80
1657324801;WITHDRAWAL;BUSD;79.5
1657411201;DEPOSIT;DOGE;80
1657497601;WITHDRAWAL;DOGE;79.5
1657584001;DEPOSIT;MATIC;80
1657670401;WITHDRAWAL;MATIC;79.5
1657756801;DEPOSIT;SOL;81
1657843201;WITHDRAWAL;SOL;80.5
1657929601;DEPOSIT;DOT;80
1658016001;WITHDRAWAL;DOT;79.5
1658102401;DEPOSIT;LTC;79
1658188801;WITHDRAWAL;LTC;78.5
1658275201;DEPOSIT;ATOM;78
1658361601;WITHDRAWAL;ATOM;77.5
1658448001;DEPOSIT;BTC;79
1658534401;WITHDRAWAL;BTC;78.5
1658620801;DEPOSIT;XRP;79
1658707201;WITHDRAWAL;XRP;78.5
1658793601;DEPOSIT;ETH;79
1658880001;WITHDRAWAL;ETH;78.5
1658966401;DEPOSIT;USDT;80
1659052801;WITHDRAWAL;USDT;79.5
1659139201;DEPOSIT;BNB;80
1659225601;WITHDRAWAL;BNB;79.5
1659312001;DEPOSIT;USDC;80
1659398401;WITHDRAWAL;USDC;79.5
1659484801;DEPOSIT;BUSD;81
1659571201;WITHDRAWAL;BUSD;80.5
1659657601;DEPOSIT;DOGE;81
1659744001;WITHDRAWAL;DOGE;80.5
1659830401;DEPOSIT;MATIC;81
1659916801;WITHDRAWAL;MATIC;80.5
1660003201;DEPOSIT;SOL;82
1660089601;WITHDRAWAL;SOL;81.5
1660176001;DEPOSIT;DOT;81
1660262401;WITHDRAWAL;DOT;80.5
1660348801;DEPOSIT;LTC;80
1660435201;WITHDRAWAL;LTC;79.5
1660521601;DEPOSIT;ATOM;79
1660608001;WITHDRAWAL;ATOM;78.5
1660694401;DEPOSIT;BTC;80
1660780801;WITHDRAWAL;BTC;79.5
1660867201;DEPOSIT;XRP;80
1660953601;WITHDRAWAL;XRP;79.5
1661040001;DEPOSIT;ETH;80
1661126401;WITHDRAWAL;ETH;79.5
1661212801;DEPOSIT;USDT;81
1661299201;WITHDRAWAL;USDT;80.5
1661385601;DEPOSIT;BNB;81
1661472001;WITHDRAWAL;BNB;80.5
1661558401;DEPOSIT;USDC;81
1661644801;WITHDRAWAL;USDC;80.5
1661731201;DEPOSIT;BUSD;82
1661817601;WITHDRAWAL;BUSD;81.5
1661904001;DEPOSIT;DOGE;82
1661990401;WITHDRAWAL;DOGE;81.5
1662076801;DEPOSIT;MATIC;82
1662163201;WITHDRAWAL;MATIC;81.5
1662249601;DEPOSIT;SOL;83
1662336001;WITHDRAWAL;SOL;82.5
1662422401;DEPOSIT;DOT;82
1662508801;WITHDRAWAL;DOT;81.5
1662595201;DEPOSIT;LTC;81
1662681601;WITHDRAWAL;LTC;80.5
1662768001;DEPOSIT;ATOM;80
1662854401;WITHDRAWAL;ATOM;79.5
1662940801;DEPOSIT;BTC;81
1663027201;WITHDRAWAL;BTC;80.5
1663113601;DEPOSIT;XRP;81
1663200001;WITHDRAWAL;XRP;80.5
1663286401;DEPOSIT;ETH;81
1663372801;WITHDRAWAL;ETH;80.5
1663459201;DEPOSIT;USDT;82
1663545601;WITHDRAWAL;USDT;81.5
1663632001;DEPOSIT;BNB;82
1663718401;WITHDRAWAL;BNB;81.5
1663804801;DEPOSIT;USDC;82
1663891201;WITHDRAWAL;USDC;81.5
1663977601;DEPOSIT;BUSD;83
1664064001;WITHDRAWAL;BUSD;82.5
1664150401;DEPOSIT;DOGE;83
1664236801;WITHDRAWAL;DOGE;82.5
1664323201;DEPOSIT;MATIC;83
1664409601;WITHDRAWAL;MATIC;82.5
1664496001;DEPOSIT;SOL;84
1664582401;WITHDRAWAL;SOL;83.5
1664668801;DEPOSIT;DOT;83
1664755201;WITHDRAWAL;DOT;82.5
1664841601;DEPOSIT;LTC;82
1664928001;WITHDRAWAL;LTC;81.5
1665014401;DEPOSIT;ATOM;81
1665100801;WITHDRAWAL;ATOM;80.5
1665187201;DEPOSIT;BTC;82
1665273601;WITHDRAWAL;BTC;81.5
1665360001;DEPOSIT;XRP;82
1665446401;WITHDRAWAL;XRP;81.5
1665532801;DEPOSIT;ETH;82
1665619201;WITHDRAWAL;ETH;81.5
1665705601;DEPOSIT;USDT;83
1665792001;WITHDRAWAL;USDT;82.5
1665878401;DEPOSIT;BNB;83
1665964801;WITHDRAWAL;BNB;82.5
1666051201;DEPOSIT;USDC;83
1666137601;WITHDRAWAL;USDC;82.5
1666224001;DEPOSIT;BUSD;84
1666310401;WITHDRAWAL;BUSD;83.5
1666396801;DEPOSIT;DOGE;84
1666483201;WITHDRAWAL;DOGE;83.5
1666569601;DEPOSIT;MATIC;84
1666656001;WITHDRAWAL;MATIC;83.5
1666742401;DEPOSIT;SOL;85
1666828801;WITHDRAWAL;SOL;84.5
1666915201;DEPOSIT;DOT;84
1667001601;WITHDRAWAL;DOT;83.5
1667088001;DEPOSIT;LTC;83
1667174401;WITHDRAWAL;LTC;82.5
1667260801;DEPOSIT;ATOM;82
1667347201;WITHDRAWAL;ATOM;81.5
1667433601;DEPOSIT;BTC;83
1667520001;WITHDRAWAL;BTC;82.5
1667606401;DEPOSIT;XRP;83
1667692801;WITHDRAWAL;XRP;82.5
1667779201;DEPOSIT;ETH;83
1667865601;WITHDRAWAL;ETH;82.5
1667952001;DEPOSIT;USDT;84
1668038401;WITHDRAWAL;USDT;83.5
1668124801;DEPOSIT;BNB;84
1668211201;WITHDRAWAL;BNB;83.5
1668297601;DEPOSIT;USDC;84
1668384001;WITHDRAWAL;USDC;83.5
1668470401;DEPOSIT;BUSD;85
1668556801;WITHDRAWAL;BUSD;84.5
1668643201;DEPOSIT;DOGE;85
1668729601;WITHDRAWAL;DOGE;84.5
1668816001;DEPOSIT;MATIC;85
1668902401;WITHDRAWAL;MATIC;84.5
1668988801;DEPOSIT;SOL;86
1669075201;WITHDRAWAL;SOL;85.5
1669161601;DEPOSIT;DOT;85
1669248001;WITHDRAWAL;DOT;84.5
1669334401;DEPOSIT;LTC;84
1669420801;WITHDRAWAL;LTC;83.5
1669507201;DEPOSIT;ATOM;83
1669593601;WITHDRAWAL;ATOM;82.5
1669680001;DEPOSIT;BTC;84
1669766401;WITHDRAWAL;BTC;83.5
1669852801;DEPOSIT;XRP;84
1669939201;WITHDRAWAL;XRP;83.5
1670025601;DEPOSIT;ETH;84
1670112001;WITHDRAWAL;ETH;83.5
1670198401;DEPOSIT;USDT;85
1670284801;WITHDRAWAL;USDT;84.5
1670371201;DEPOSIT;BNB;85
1670457601;WITHDRAWAL;BNB;84.5
1670544001;DEPOSIT;USDC;85
1670630401;WITHDRAWAL;USDC;84.5
1670716801;DEPOSIT;BUSD;86
1670803201;WITHDRAWAL;BUSD;85.5
1670889601;DEPOSIT;DOGE;86
1670976001;WITHDRAWAL;DOGE;85.5
1671062401;DEPOSIT;MATIC;86
1671148801;WITHDRAWAL;MATIC;85.5
1671235201;DEPOSIT;SOL;87
1671321601;WITHDRAWAL;SOL;86.5
1671408001;DEPOSIT;DOT;86
1671494401;WITHDRAWAL;DOT;85.5
1671580801;DEPOSIT;LTC;85
1671667201;WITHDRAWAL;LTC;84.5
1671753601;DEPOSIT;ATOM;84
1671840001;WITHDRAWAL;ATOM;83.5
1671926401;DEPOSIT;BTC;85
1672012801;WITHDRAWAL;BTC;84.5
1672099201;DEPOSIT;XRP;85
1672185601;WITHDRAWAL;XRP;84.5
1672272001;DEPOSIT;ETH;85
1672358401;WITHDRAWAL;ETH;84.5
1672444801;DEPOSIT;USDT;86
1672531201;WITHDRAWAL;USDT;85.5
1672617601;DEPOSIT;BNB;86
1672704001;WITHDRAWAL;BNB;85.5
1672790401;DEPOSIT;USDC;86
1672876801;WITHDRAWAL;USDC;85.5
1672963201;DEPOSIT;BUSD;87
1673049601;WITHDRAWAL;BUSD;86.5
1673136001;DEPOSIT;DOGE;87
1673222401;WITHDRAWAL;DOGE;86.5
1673308801;DEPOSIT;MATIC;87
1673395201;WITHDRAWAL;MATIC;86.5
1673481601;DEPOSIT;SOL;88
1673568001;WITHDRAWAL;SOL;87.5
1673654401;DEPOSIT;DOT;87
1673740801;WITHDRAWAL;DOT;86.5
1673827201;DEPOSIT;LTC;86
1673913601;WITHDRAWAL;LTC;85.5
1674000001;DEPOSIT;ATOM;85
1674086401;WITHDRAWAL;ATOM;84.5
1674172801;DEPOSIT;BTC;86
1674259201;WITHDRAWAL;BTC;85.5
1674345601;DEPOSIT;XRP;86
1674432001;WITHDRAWAL;XRP;85.5
1674518401;DEPOSIT;ETH;86
1674604801;WITHDRAWAL;ETH;85.5
1674691201;DEPOSIT;USDT;87
1674777601;WITHDRAWAL;USDT;86.5
1674864001;DEPOSIT;BNB;87
1674950401;WITHDRAWAL;BNB;86.5
1675036801;DEPOSIT;USDC;87
1675123201;WITHDRAWAL;USDC;86.5
1675209601;DEPOSIT;BUSD;88
1675296001;WITHDRAWAL;BUSD;87.5
1675382401;DEPOSIT;DOGE;88
1675468801;WITHDRAWAL;DOGE;87.5
1675555201;DEPOSIT;MATIC;88
1675641601;WITHDRAWAL;MATIC;87.5
1675728001;DEPOSIT;SOL;89
1675814401;WITHDRAWAL;SOL;88.5
1675900801;DEPOSIT;DOT;88
1675987201;WITHDRAWAL;DOT;87.5
1676073601;DEPOSIT;LTC;87
1676160001;WITHDRAWAL;LTC;86.5
1676246401;DEPOSIT;ATOM;86
1676332801;WITHDRAWAL;ATOM;85.5
1676419201;DEPOSIT;BTC;87
1676505601;WITHDRAWAL;BTC;86.5
1676592001;DEPOSIT;XRP;87
1676678401;WITHDRAWAL;XRP;86.5
1676764801;DEPOSIT;ETH;87
1676851201;WITHDRAWAL;ETH;86.5
1676937601;DEPOSIT;USDT;88
1677024001;WITHDRAWAL;USDT;87.5
1677110401;DEPOSIT;BNB;88
1677196801;WITHDRAWAL;BNB;87.5
1677283201;DEPOSIT;USDC;88
1677369601;WITHDRAWAL;USDC;87.5
1677456001;DEPOSIT;BUSD;89
1677542401;WITHDRAWAL;BUSD;88.5
